campaign_id,campaign_name,type,quarter,region,start_date,end_date,spend
CMP-100,FY26-Q1_EVT_NA_Bank-Risk-Forum,EVT,FY26-Q1,NA,2025-12-21,2026-01-02,40800
CMP-101,FY26-Q1_EVT_GLOBAL_Fintech-Summit,EVT,FY26-Q1,GLOBAL,2025-12-16,2026-01-05,44600
CMP-102,FY26-Q1_WBN_GLOBAL_Fraud-Forward,WBN,FY26-Q1,GLOBAL,2025-12-29,2026-01-06,4800
CMP-103,FY26-Q1_WBN_GLOBAL_AML-Agents-Live,WBN,FY26-Q1,GLOBAL,2025-12-27,2026-01-07,3400
CMP-104,FY26-Q1_CNT_GLOBAL_Fraud-Benchmark-Report,CNT,FY26-Q1,GLOBAL,2025-12-13,2026-03-31,5500
CMP-105,FY26-Q1_CNT_GLOBAL_AML-Automation-Guide,CNT,FY26-Q1,GLOBAL,2025-12-11,2026-03-24,5900
CMP-106,FY26-Q1_PAID_GLOBAL_LinkedIn-Compliance,PAID,FY26-Q1,GLOBAL,2025-12-08,2026-03-25,19600
CMP-107,FY26-Q1_PAID_GLOBAL_Influ2-Tier1-Banks,PAID,FY26-Q1,GLOBAL,2026-01-07,2026-03-28,27800
CMP-108,FY26-Q1_OUT_GLOBAL_Unify-Signals,OUT,FY26-Q1,GLOBAL,2025-12-10,2026-03-30,4900
CMP-109,FY26-Q1_OUT_GLOBAL_Clay-Regulatory-Trigger,OUT,FY26-Q1,GLOBAL,2025-12-23,2026-03-29,5400
CMP-110,FY26-Q1_PRT_GLOBAL_Partner-Referral,PRT,FY26-Q1,GLOBAL,2025-12-12,2026-03-31,0
CMP-111,FY26-Q1_WEB_GLOBAL_Demo-Request,WEB,FY26-Q1,GLOBAL,2025-12-16,2026-03-25,0
CMP-112,FY26-Q1_WEB_GLOBAL_Website-Chat,WEB,FY26-Q1,GLOBAL,2025-12-21,2026-03-28,0
CMP-113,FY26-Q2_EVT_NA_Bank-Risk-Forum,EVT,FY26-Q2,NA,2026-03-17,2026-04-01,53300
CMP-114,FY26-Q2_EVT_GLOBAL_Fintech-Summit,EVT,FY26-Q2,GLOBAL,2026-03-11,2026-04-01,49300
CMP-115,FY26-Q2_WBN_GLOBAL_Fraud-Forward,WBN,FY26-Q2,GLOBAL,2026-03-21,2026-04-03,2100
CMP-116,AML Agents Live Q2,WBN,FY26-Q2,GLOBAL,2026-03-12,2026-04-02,4900
CMP-117,Fraud Benchmark Report Q2,CNT,FY26-Q2,GLOBAL,2026-03-07,2026-06-29,7800
CMP-118,FY26-Q2_CNT_GLOBAL_AML-Automation-Guide,CNT,FY26-Q2,GLOBAL,2026-03-04,2026-06-30,6300
CMP-119,LinkedIn Compliance Q2,PAID,FY26-Q2,GLOBAL,2026-03-08,2026-06-29,30400
CMP-120,FY26-Q2_PAID_GLOBAL_Influ2-Tier1-Banks,PAID,FY26-Q2,GLOBAL,2026-03-05,2026-06-30,18900
CMP-121,FY26-Q2_OUT_GLOBAL_Unify-Signals,OUT,FY26-Q2,GLOBAL,2026-03-10,2026-06-30,3000
CMP-122,FY26-Q2_OUT_GLOBAL_Clay-Regulatory-Trigger,OUT,FY26-Q2,GLOBAL,2026-03-23,2026-06-29,4600
CMP-123,FY26-Q2_PRT_GLOBAL_Partner-Referral,PRT,FY26-Q2,GLOBAL,2026-03-14,2026-06-29,0
CMP-124,FY26-Q2_WEB_GLOBAL_Demo-Request,WEB,FY26-Q2,GLOBAL,2026-03-21,2026-06-28,0
CMP-125,FY26-Q2_WEB_GLOBAL_Website-Chat,WEB,FY26-Q2,GLOBAL,2026-03-15,2026-06-29,0
CMP-126,FY26-Q3_EVT_NA_Bank-Risk-Forum,EVT,FY26-Q3,NA,2026-06-21,2026-07-02,26100
CMP-127,FY26-Q3_EVT_GLOBAL_Fintech-Summit,EVT,FY26-Q3,GLOBAL,2026-06-20,2026-06-30,41200
CMP-128,FY26-Q3_WBN_GLOBAL_Fraud-Forward,WBN,FY26-Q3,GLOBAL,2026-06-03,2026-06-27,3300
CMP-129,FY26-Q3_WBN_GLOBAL_AML-Agents-Live,WBN,FY26-Q3,GLOBAL,2026-06-25,2026-07-06,4500
CMP-130,FY26-Q3_CNT_GLOBAL_Fraud-Benchmark-Report,CNT,FY26-Q3,GLOBAL,2026-06-11,2026-09-30,5600
CMP-131,FY26-Q3_CNT_GLOBAL_AML-Automation-Guide,CNT,FY26-Q3,GLOBAL,2026-06-05,2026-09-30,6200
CMP-132,FY26-Q3_PAID_GLOBAL_LinkedIn-Compliance,PAID,FY26-Q3,GLOBAL,2026-06-20,2026-09-30,27500
CMP-133,FY26-Q3_PAID_GLOBAL_Influ2-Tier1-Banks,PAID,FY26-Q3,GLOBAL,2026-06-07,2026-09-30,31600
CMP-134,FY26-Q3_OUT_GLOBAL_Unify-Signals,OUT,FY26-Q3,GLOBAL,2026-06-22,2026-09-30,4400
CMP-135,FY26-Q3_OUT_GLOBAL_Clay-Regulatory-Trigger,OUT,FY26-Q3,GLOBAL,2026-06-08,2026-09-30,3800
CMP-136,FY26-Q3_PRT_GLOBAL_Partner-Referral,PRT,FY26-Q3,GLOBAL,2026-06-08,2026-09-30,0
CMP-137,FY26-Q3_WEB_GLOBAL_Demo-Request,WEB,FY26-Q3,GLOBAL,2026-06-12,2026-09-29,0
CMP-138,FY26-Q3_WEB_GLOBAL_Website-Chat,WEB,FY26-Q3,GLOBAL,2026-06-24,2026-09-30,0
