quarter,week,snapshot_date,region,commit,best_case,pipeline,actual_closed_won
FY26-Q1,1,2026-01-01,NA,304067,425728,744676,336000
FY26-Q1,2,2026-01-08,NA,242170,340463,758015,336000
FY26-Q1,3,2026-01-15,NA,258743,319016,638298,336000
FY26-Q1,4,2026-01-22,NA,288764,389144,944786,336000
FY26-Q1,5,2026-01-29,NA,293554,405002,852150,336000
FY26-Q1,6,2026-02-05,NA,293482,420748,833608,336000
FY26-Q1,7,2026-02-12,NA,274329,391620,712009,336000
FY26-Q1,8,2026-02-19,NA,274605,349319,911508,336000
FY26-Q1,9,2026-02-26,NA,297077,408467,718613,336000
FY26-Q1,10,2026-03-05,NA,301601,395884,931819,336000
FY26-Q1,11,2026-03-12,NA,316345,390486,769266,336000
FY26-Q1,12,2026-03-19,NA,305504,411788,866798,336000
FY26-Q1,13,2026-03-26,NA,309120,394141,986727,336000
FY26-Q1,1,2026-01-01,EMEA,375389,537664,898658,437000
FY26-Q1,2,2026-01-08,EMEA,397524,527119,1109107,437000
FY26-Q1,3,2026-01-15,EMEA,466712,658909,1460445,437000
FY26-Q1,4,2026-01-22,EMEA,368101,453571,1008709,437000
FY26-Q1,5,2026-01-29,EMEA,438676,596925,1306694,437000
FY26-Q1,6,2026-02-05,EMEA,494095,713045,1259027,437000
FY26-Q1,7,2026-02-12,EMEA,472888,613328,1068430,437000
FY26-Q1,8,2026-02-19,EMEA,445082,556345,1365515,437000
FY26-Q1,9,2026-02-26,EMEA,422881,568303,1118137,437000
FY26-Q1,10,2026-03-05,EMEA,467490,628185,1329439,437000
FY26-Q1,11,2026-03-12,EMEA,492994,698800,1244921,437000
FY26-Q1,12,2026-03-19,EMEA,490994,652447,1484785,437000
FY26-Q1,13,2026-03-26,EMEA,489440,663623,1409999,437000
FY26-Q1,1,2026-01-01,LATAM,108902,149149,271138,121000
FY26-Q1,2,2026-01-08,LATAM,100269,120416,295300,121000
FY26-Q1,3,2026-01-15,LATAM,114390,148563,268038,121000
FY26-Q1,4,2026-01-22,LATAM,107294,151269,243690,121000
FY26-Q1,5,2026-01-29,LATAM,118068,153021,278509,121000
FY26-Q1,6,2026-02-05,LATAM,106928,130960,276644,121000
FY26-Q1,7,2026-02-12,LATAM,122740,168289,329881,121000
FY26-Q1,8,2026-02-19,LATAM,109505,139011,306518,121000
FY26-Q1,9,2026-02-26,LATAM,126252,161680,391625,121000
FY26-Q1,10,2026-03-05,LATAM,113580,146475,317144,121000
FY26-Q1,11,2026-03-12,LATAM,123573,156159,335767,121000
FY26-Q1,12,2026-03-19,LATAM,121619,146117,275196,121000
FY26-Q1,13,2026-03-26,LATAM,121000,169003,326447,121000
FY26-Q2,1,2026-04-01,NA,550372,733502,1298522,692000
FY26-Q2,2,2026-04-08,NA,540679,704873,1418463,692000
FY26-Q2,3,2026-04-15,NA,519472,665586,1238779,692000
FY26-Q2,4,2026-04-22,NA,666980,843732,2083520,692000
FY26-Q2,5,2026-04-29,NA,522020,703256,1444311,692000
FY26-Q2,6,2026-05-06,NA,584906,825892,1428376,692000
FY26-Q2,7,2026-05-13,NA,619277,825075,2040257,692000
FY26-Q2,8,2026-05-20,NA,610892,851512,1957175,692000
FY26-Q2,9,2026-05-27,NA,611116,858706,1980453,692000
FY26-Q2,10,2026-06-03,NA,614796,885049,1653710,692000
FY26-Q2,11,2026-06-10,NA,609132,737899,1794900,692000
FY26-Q2,12,2026-06-17,NA,632261,903549,1779963,692000
FY26-Q2,13,2026-06-24,NA,636640,829416,1533048,692000
FY26-Q2,1,2026-04-01,EMEA,181403,219884,532193,179000
FY26-Q2,2,2026-04-08,EMEA,163353,217860,365337,179000
FY26-Q2,3,2026-04-15,EMEA,155063,215023,380698,179000
FY26-Q2,4,2026-04-22,EMEA,163651,223710,362412,179000
FY26-Q2,5,2026-04-29,EMEA,186813,262645,517615,179000
FY26-Q2,6,2026-05-06,EMEA,169968,224561,546203,179000
FY26-Q2,7,2026-05-13,EMEA,194176,256651,623080,179000
FY26-Q2,8,2026-05-20,EMEA,180418,231685,430013,179000
FY26-Q2,9,2026-05-27,EMEA,191907,248963,484443,179000
FY26-Q2,10,2026-06-03,EMEA,198014,238270,511141,179000
FY26-Q2,11,2026-06-10,EMEA,198761,275955,527347,179000
FY26-Q2,12,2026-06-17,EMEA,198789,272903,508700,179000
FY26-Q2,13,2026-06-24,EMEA,200480,269296,560926,179000
FY26-Q2,1,2026-04-01,APAC,383256,521148,945618,423000
FY26-Q2,2,2026-04-08,APAC,395231,507555,1262396,423000
FY26-Q2,3,2026-04-15,APAC,407159,566080,917814,423000
FY26-Q2,4,2026-04-22,APAC,384010,476996,1129139,423000
FY26-Q2,5,2026-04-29,APAC,380892,482805,1135366,423000
FY26-Q2,6,2026-05-06,APAC,416049,523522,960254,423000
FY26-Q2,7,2026-05-13,APAC,410803,586559,1199774,423000
FY26-Q2,8,2026-05-20,APAC,423382,537734,1358988,423000
FY26-Q2,9,2026-05-27,APAC,411835,496011,1000535,423000
FY26-Q2,10,2026-06-03,APAC,429471,525712,1328321,423000
FY26-Q2,11,2026-06-10,APAC,437481,597707,1209810,423000
FY26-Q2,12,2026-06-17,APAC,435154,588510,1456376,423000
FY26-Q2,13,2026-06-24,APAC,444150,545602,1141694,423000
FY26-Q3,1,2026-07-01,NA,1034983,1311144,3405991,1481000
FY26-Q3,2,2026-07-08,NA,1199726,1596440,2868258,1481000
FY26-Q3,3,2026-07-15,NA,1388171,1917032,4451752,1481000
FY26-Q3,4,2026-07-22,NA,1243312,1591440,3692223,1481000
FY26-Q3,5,2026-07-29,NA,1371609,1922303,3472564,1481000
FY26-Q3,6,2026-08-05,NA,1161093,1558927,2776183,1481000
FY26-Q3,7,2026-08-12,NA,1245199,1796534,3381010,1481000
FY26-Q3,8,2026-08-19,NA,1254909,1737054,3303816,1481000
FY26-Q3,9,2026-08-26,NA,1221912,1697463,2931240,1481000
FY26-Q3,10,2026-09-02,NA,1301059,1697878,3612622,1481000
FY26-Q3,11,2026-09-09,NA,1353190,1911146,3697109,1481000
FY26-Q3,12,2026-09-16,NA,1344502,1848621,3577368,1481000
FY26-Q3,13,2026-09-23,NA,1362520,1858887,4047624,1481000
FY26-Q3,1,2026-07-01,EMEA,955747,1309703,2528750,858000
FY26-Q3,2,2026-07-08,EMEA,957741,1363231,2985498,858000
FY26-Q3,3,2026-07-15,EMEA,853998,1124873,2391864,858000
FY26-Q3,4,2026-07-22,EMEA,863454,1118494,2274492,858000
FY26-Q3,5,2026-07-29,EMEA,918245,1179918,2364381,858000
FY26-Q3,6,2026-08-05,EMEA,839973,1012882,2271700,858000
FY26-Q3,7,2026-08-12,EMEA,857998,1062365,2025066,858000
FY26-Q3,8,2026-08-19,EMEA,908405,1197676,2489367,858000
FY26-Q3,9,2026-08-26,EMEA,899579,1192525,2604397,858000
FY26-Q3,10,2026-09-02,EMEA,983564,1236340,2965617,858000
FY26-Q3,11,2026-09-09,EMEA,937518,1259370,2102941,858000
FY26-Q3,12,2026-09-16,EMEA,956869,1250727,3051177,858000
FY26-Q3,13,2026-09-23,EMEA,960960,1362862,2938001,858000
FY26-Q3,1,2026-07-01,LATAM,95197,130209,272515,119000
FY26-Q3,2,2026-07-08,LATAM,96778,135730,327240,119000
FY26-Q3,3,2026-07-15,LATAM,92517,112653,291362,119000
FY26-Q3,4,2026-07-22,LATAM,100893,131684,259978,119000
FY26-Q3,5,2026-07-29,LATAM,112620,162984,366491,119000
FY26-Q3,6,2026-08-05,LATAM,119703,159942,353025,119000
FY26-Q3,7,2026-08-12,LATAM,118997,149047,335217,119000
FY26-Q3,8,2026-08-19,LATAM,114584,147606,260997,119000
FY26-Q3,9,2026-08-26,LATAM,112660,151557,297819,119000
FY26-Q3,10,2026-09-02,LATAM,115474,167078,359647,119000
FY26-Q3,11,2026-09-09,LATAM,115634,162662,283549,119000
FY26-Q3,12,2026-09-16,LATAM,117298,148487,330086,119000
FY26-Q3,13,2026-09-23,LATAM,119000,168422,398814,119000
FY26-Q3,1,2026-07-01,APAC,145875,200041,390701,147000
FY26-Q3,2,2026-07-08,APAC,148632,203672,359167,147000
FY26-Q3,3,2026-07-15,APAC,153341,219877,482046,147000
FY26-Q3,4,2026-07-22,APAC,126852,162807,292504,147000
FY26-Q3,5,2026-07-29,APAC,132806,188535,379320,147000
FY26-Q3,6,2026-08-05,APAC,150525,210326,425626,147000
FY26-Q3,7,2026-08-12,APAC,153950,199633,459817,147000
FY26-Q3,8,2026-08-19,APAC,147283,181667,466903,147000
FY26-Q3,9,2026-08-26,APAC,141446,192681,394091,147000
FY26-Q3,10,2026-09-02,APAC,153373,213206,515163,147000
FY26-Q3,11,2026-09-09,APAC,149815,181151,350884,147000
FY26-Q3,12,2026-09-16,APAC,152063,200763,361315,147000
FY26-Q3,13,2026-09-23,APAC,154350,206629,411365,147000
