lead_id,region,country,consent_type,consent_date,email_opt_out
L-5000,NA,US,opt_in,2026-02-18,False
L-5001,NA,US,opt_in,2026-06-19,False
L-5002,NA,US,none,,False
L-5003,MENA,,none,,False
L-5004,EMEA,GB,opt_in,2026-06-26,False
L-5005,NA,US,opt_in,2026-05-25,True
L-5006,EMEA,,opt_in,2026-06-29,False
L-5007,EMEA,,none,,False
L-5008,MENA,,opt_in,2026-06-08,False
L-5009,NA,US,none,,False
L-5010,NA,CA,implied_inquiry,2026-03-24,False
L-5011,NA,CA,implied_inquiry,2026-06-12,False
L-5012,LATAM,,none,,False
L-5013,NA,US,none,,False
L-5014,EMEA,,opt_in,2026-05-10,False
L-5015,NA,US,opt_in,2026-05-23,False
L-5016,NA,US,opt_in,2026-06-03,False
L-5017,NA,US,none,,False
L-5018,EMEA,,opt_in,2026-09-28,False
L-5019,NA,US,opt_in,2026-05-06,False
L-5020,NA,US,opt_in,2026-06-11,False
L-5021,EMEA,GB,legitimate_interest,2026-04-04,False
L-5022,NA,US,none,,False
L-5023,LATAM,,none,,False
L-5024,NA,US,opt_in,2026-07-19,False
L-5025,NA,CA,express,2026-05-04,False
L-5026,MENA,,opt_in,2026-04-05,False
L-5027,EMEA,GB,opt_in,2026-02-20,False
L-5028,NA,US,opt_in,2026-03-21,False
L-5029,EMEA,,opt_in,2026-09-11,False
L-5030,APAC,,opt_in,2026-03-11,False
L-5031,EMEA,GB,opt_in,2026-02-13,False
L-5032,NA,CA,none,,False
L-5033,EMEA,GB,opt_in,2026-02-11,False
L-5034,NA,CA,express,2026-09-09,False
L-5035,EMEA,,opt_in,2026-05-20,False
L-5036,NA,US,opt_in,2026-06-03,False
L-5037,NA,US,none,,False
L-5038,NA,US,opt_in,2026-02-14,False
L-5039,NA,CA,implied_inquiry,2026-08-09,False
L-5040,NA,US,opt_in,2026-09-29,False
L-5041,EMEA,,none,,False
L-5042,NA,CA,express,2026-06-13,False
L-5043,EMEA,,legitimate_interest,2026-09-25,False
L-5044,MENA,,opt_in,2026-07-12,False
L-5045,NA,US,opt_in,2026-05-30,False
L-5046,EMEA,,none,,False
L-5047,EMEA,,opt_in,2026-07-15,False
L-5048,NA,CA,express,2026-03-22,False
L-5049,NA,US,opt_in,2026-06-07,False
L-5050,NA,US,none,,False
L-5051,NA,CA,express,2026-08-02,False
L-5052,NA,US,none,,False
L-5053,MENA,,opt_in,2026-05-12,False
L-5054,NA,CA,implied_inquiry,2026-09-30,False
L-5055,MENA,,opt_in,2026-04-29,False
L-5056,NA,US,opt_in,2026-01-29,False
L-5057,NA,US,none,,False
L-5058,,,none,,False
L-5059,NA,CA,express,2026-03-22,False
L-5060,NA,US,opt_in,2026-02-22,False
L-5061,NA,US,none,,False
L-5062,NA,US,none,,False
L-5063,NA,US,none,,False
L-5064,NA,US,opt_in,2026-06-18,False
L-5065,MENA,,opt_in,2026-07-30,False
L-5066,NA,CA,express,2026-06-28,False
L-5067,EMEA,GB,opt_in,2026-02-28,False
L-5068,NA,CA,implied_inquiry,2026-03-09,False
L-5069,LATAM,,opt_in,2026-03-11,False
L-5070,NA,US,opt_in,2026-06-14,False
L-5071,NA,US,opt_in,2026-08-06,False
L-5072,NA,CA,implied_inquiry,2026-01-21,False
L-5073,NA,CA,express,2026-02-01,False
L-5074,NA,US,opt_in,2026-04-03,False
L-5075,NA,US,opt_in,2026-06-08,False
L-5076,LATAM,,none,,False
L-5077,NA,US,opt_in,2026-07-21,False
L-5078,NA,CA,express,2026-02-07,False
L-5079,NA,US,opt_in,2026-01-17,False
L-5080,LATAM,,opt_in,2026-01-13,False
L-5081,NA,US,opt_in,2026-02-18,False
L-5082,NA,US,none,,True
L-5083,NA,US,none,,False
L-5084,MENA,,none,,False
L-5085,EMEA,GB,opt_in,2026-06-15,False
L-5086,EMEA,,legitimate_interest,2026-03-01,False
L-5087,NA,US,none,,False
L-5088,EMEA,,opt_in,2026-08-21,False
L-5089,NA,CA,implied_inquiry,2026-05-04,False
L-5090,NA,US,none,,False
L-5091,EMEA,GB,legitimate_interest,2026-02-13,False
L-5092,NA,CA,express,2026-01-16,False
L-5093,APAC,,none,,False
L-5094,NA,US,none,,False
L-5095,NA,US,opt_in,2026-09-19,False
L-5096,NA,US,opt_in,2026-07-03,False
L-5097,NA,CA,none,,False
L-5098,NA,US,opt_in,2026-09-09,False
L-5099,NA,CA,express,2026-05-02,False
L-5100,NA,CA,implied_inquiry,2026-03-20,False
L-5101,NA,US,opt_in,2026-04-14,False
L-5102,NA,US,none,,False
L-5103,NA,CA,implied_inquiry,2026-04-04,False
L-5104,EMEA,GB,opt_in,2026-09-09,False
L-5105,LATAM,,none,,False
L-5106,EMEA,,opt_in,2026-04-12,False
L-5107,MENA,,opt_in,2026-01-08,False
L-5108,NA,US,opt_in,2026-04-04,False
L-5109,NA,US,opt_in,2026-07-10,False
L-5110,EMEA,,opt_in,2026-03-22,False
L-5111,NA,CA,implied_inquiry,2026-07-08,False
L-5112,NA,CA,implied_inquiry,2026-08-21,False
L-5113,NA,US,opt_in,2026-06-29,False
L-5114,NA,US,opt_in,2026-04-09,False
L-5115,NA,US,opt_in,2026-02-27,False
L-5116,NA,US,none,,False
L-5117,,,opt_in,2026-07-11,False
L-5118,MENA,,none,,False
L-5119,NA,US,opt_in,2026-05-24,False
L-5120,NA,US,opt_in,2026-03-23,False
L-5121,NA,US,opt_in,2026-02-02,False
L-5122,NA,US,none,,False
L-5123,NA,CA,express,2026-04-26,False
L-5124,NA,CA,express,2026-03-26,False
L-5125,NA,US,opt_in,2026-08-17,False
L-5126,EMEA,GB,opt_in,2026-05-25,False
L-5127,MENA,,opt_in,2026-05-07,False
L-5128,NA,US,opt_in,2026-04-18,False
L-5129,NA,CA,express,2026-01-11,False
L-5130,APAC,,opt_in,2026-05-03,False
L-5131,EMEA,,opt_in,2026-08-27,False
L-5132,NA,US,opt_in,2026-08-04,False
L-5133,LATAM,,opt_in,2026-01-13,False
L-5134,EMEA,,legitimate_interest,2026-07-28,False
L-5135,NA,US,opt_in,2026-08-06,False
L-5136,EMEA,,opt_in,2026-07-25,False
L-5137,NA,US,opt_in,2026-04-16,False
L-5138,NA,US,opt_in,2026-04-12,False
L-5139,NA,CA,implied_inquiry,2026-03-25,False
L-5140,NA,US,opt_in,2026-09-29,False
L-5141,LATAM,,opt_in,2026-05-23,False
L-5142,NA,US,opt_in,2026-07-18,True
L-5143,MENA,,none,,False
L-5144,MENA,,opt_in,2026-06-28,False
L-5145,NA,US,opt_in,2026-04-18,False
L-5146,NA,US,none,,False
L-5147,EMEA,,opt_in,2026-05-03,False
L-5148,EMEA,GB,legitimate_interest,2026-03-29,False
L-5149,NA,CA,implied_inquiry,2026-08-11,False
L-5150,NA,US,none,,False
L-5151,LATAM,,opt_in,2026-08-24,False
L-5152,NA,US,none,,False
L-5153,NA,US,opt_in,2026-06-25,False
L-5154,NA,US,none,,False
L-5155,NA,US,none,,False
L-5156,NA,US,opt_in,2026-04-05,False
L-5157,NA,US,opt_in,2026-05-25,False
L-5158,APAC,,none,,False
L-5159,NA,CA,express,2026-06-02,False
L-5160,NA,US,opt_in,2026-04-23,False
L-5161,NA,US,opt_in,2026-09-07,False
L-5162,NA,US,none,,True
L-5163,NA,US,opt_in,2026-01-21,False
L-5164,EMEA,,legitimate_interest,2026-02-21,False
L-5165,LATAM,,opt_in,2026-04-20,True
L-5166,NA,US,opt_in,2026-06-13,False
L-5167,NA,US,opt_in,2026-09-25,False
L-5168,LATAM,,opt_in,2026-08-20,False
L-5169,NA,CA,none,,False
L-5170,NA,CA,express,2026-08-25,False
L-5171,EMEA,,opt_in,2026-02-10,False
L-5172,NA,US,none,,False
L-5173,NA,US,none,,True
L-5174,EMEA,,opt_in,2026-09-23,False
L-5175,NA,US,opt_in,2026-07-19,False
L-5176,NA,US,opt_in,2026-01-10,False
L-5177,NA,CA,express,2026-08-25,False
L-5178,NA,US,none,,False
L-5179,NA,CA,express,2026-09-03,False
L-5180,,,opt_in,2026-05-18,False
L-5181,NA,US,none,,False
L-5182,EMEA,,opt_in,2026-09-15,False
L-5183,NA,US,opt_in,2026-08-30,False
L-5184,EMEA,GB,opt_in,2026-07-05,False
L-5185,NA,CA,implied_inquiry,2026-04-07,False
L-5186,EMEA,,opt_in,2026-01-17,False
L-5187,EMEA,,opt_in,2026-08-11,False
L-5188,EMEA,GB,opt_in,2026-03-01,False
L-5189,EMEA,GB,opt_in,2026-01-05,False
L-5190,EMEA,GB,opt_in,2026-01-06,False
L-5191,EMEA,,opt_in,2026-06-07,False
L-5192,NA,US,opt_in,2026-02-02,False
L-5193,NA,US,opt_in,2026-03-18,False
L-5194,NA,CA,express,2026-02-28,False
L-5195,LATAM,,opt_in,2026-03-07,False
L-5196,LATAM,,opt_in,2026-03-26,False
L-5197,EMEA,,legitimate_interest,2026-08-03,False
L-5198,LATAM,,none,,False
L-5199,NA,CA,implied_inquiry,2026-07-10,False
L-5200,NA,US,opt_in,2026-08-20,False
L-5201,EMEA,GB,none,,False
L-5202,NA,US,none,,False
L-5203,EMEA,,legitimate_interest,2026-05-02,False
L-5204,NA,US,none,,False
L-5205,NA,US,none,,False
L-5206,NA,US,opt_in,2026-01-17,False
L-5207,EMEA,,opt_in,2026-06-05,False
L-5208,NA,US,opt_in,2026-07-20,False
L-5209,EMEA,,opt_in,2026-09-06,False
L-5210,APAC,,opt_in,2026-08-24,True
L-5211,NA,US,opt_in,2026-06-04,False
L-5212,NA,US,opt_in,2026-06-21,True
L-5213,LATAM,,opt_in,2026-03-31,False
L-5214,EMEA,,opt_in,2026-06-08,False
L-5215,NA,CA,express,2026-09-07,False
L-5216,NA,US,opt_in,2026-04-15,False
L-5217,EMEA,,opt_in,2026-08-11,False
L-5218,NA,CA,implied_inquiry,2026-06-01,False
L-5219,NA,US,none,,False
L-5220,LATAM,,opt_in,2026-01-18,False
L-5221,LATAM,,none,,False
L-5222,EMEA,,legitimate_interest,2026-05-24,False
L-5223,NA,US,opt_in,2026-06-15,False
L-5224,NA,US,opt_in,2026-09-19,False
L-5225,MENA,,opt_in,2026-03-17,False
L-5226,MENA,,none,,False
L-5227,NA,US,opt_in,2026-04-09,False
L-5228,NA,US,opt_in,2026-01-12,False
L-5229,NA,US,none,,False
L-5230,EMEA,,legitimate_interest,2026-02-16,False
L-5231,NA,CA,implied_inquiry,2026-01-11,False
L-5232,NA,US,opt_in,2026-07-30,False
L-5233,NA,US,opt_in,2026-09-16,False
L-5234,NA,US,none,,True
L-5235,EMEA,,opt_in,2026-08-28,False
L-5236,NA,US,opt_in,2026-09-02,False
L-5237,NA,CA,express,2026-01-19,False
L-5238,NA,US,opt_in,2026-02-07,False
L-5239,NA,US,none,,False
L-5240,NA,US,opt_in,2026-04-24,False
L-5241,NA,US,opt_in,2026-04-22,False
L-5242,MENA,,none,,False
L-5243,EMEA,,opt_in,2026-07-10,False
L-5244,NA,US,none,,False
L-5245,LATAM,,opt_in,2026-05-27,False
L-5246,NA,CA,express,2026-03-03,False
L-5247,NA,US,opt_in,2026-05-05,False
L-5248,NA,US,opt_in,2026-08-09,False
L-5249,NA,US,opt_in,2026-07-20,False
L-5250,NA,CA,express,2026-03-28,False
L-5251,NA,US,opt_in,2026-07-04,False
L-5252,LATAM,,opt_in,2026-08-03,False
L-5253,NA,CA,implied_inquiry,2026-01-15,False
L-5254,EMEA,,legitimate_interest,2026-03-06,False
L-5255,EMEA,,legitimate_interest,2026-03-20,False
L-5256,NA,US,opt_in,2026-02-11,False
L-5257,NA,US,none,,False
L-5258,LATAM,,none,,False
L-5259,LATAM,,opt_in,2026-02-01,False
L-5260,APAC,,none,,False
L-5261,NA,US,none,,False
L-5262,NA,US,opt_in,2026-01-07,False
L-5263,NA,US,opt_in,2026-03-29,False
L-5264,EMEA,,opt_in,2026-09-12,False
L-5265,LATAM,,opt_in,2026-09-30,False
L-5266,NA,US,opt_in,2026-01-29,True
L-5267,NA,US,opt_in,2026-07-25,False
L-5268,NA,US,opt_in,2026-02-14,False
L-5269,,,none,,False
L-5270,NA,US,opt_in,2026-05-08,False
L-5271,EMEA,GB,opt_in,2026-05-09,False
L-5272,NA,CA,express,2026-01-23,False
L-5273,NA,US,opt_in,2026-08-22,False
L-5274,NA,CA,implied_inquiry,2026-03-13,False
L-5275,NA,US,none,,False
L-5276,EMEA,,opt_in,2026-09-25,False
L-5277,NA,CA,none,,False
L-5278,NA,US,opt_in,2026-05-10,True
L-5279,NA,US,opt_in,2026-03-16,False
L-5280,NA,US,opt_in,2026-07-29,False
L-5281,NA,US,opt_in,2026-07-30,False
L-5282,EMEA,,opt_in,2026-04-24,False
L-5283,EMEA,,none,,True
L-5284,NA,CA,implied_inquiry,2026-07-03,False
L-5285,EMEA,GB,opt_in,2026-08-10,False
L-5286,APAC,,opt_in,2026-08-06,False
L-5287,EMEA,,none,,False
L-5288,LATAM,,opt_in,2026-05-30,False
L-5289,NA,US,opt_in,2026-07-17,False
L-5290,NA,US,opt_in,2026-05-04,False
L-5291,NA,US,opt_in,2026-09-29,False
L-5292,NA,US,none,,False
L-5293,MENA,,opt_in,2026-04-01,False
L-5294,NA,US,opt_in,2026-02-05,False
L-5295,NA,CA,none,,False
L-5296,EMEA,,opt_in,2026-08-30,False
L-5297,MENA,,none,,False
L-5298,NA,US,opt_in,2026-06-22,False
L-5299,EMEA,GB,opt_in,2026-01-20,False
L-5300,APAC,,opt_in,2026-04-13,False
L-5301,NA,US,opt_in,2026-02-07,False
L-5302,MENA,,opt_in,2026-06-19,False
L-5303,NA,CA,implied_inquiry,2026-08-09,False
L-5304,NA,US,opt_in,2026-06-24,False
L-5305,NA,US,opt_in,2026-02-05,False
L-5306,APAC,,opt_in,2026-05-04,False
L-5307,EMEA,,opt_in,2026-02-26,False
L-5308,EMEA,,opt_in,2026-06-13,False
L-5309,APAC,,opt_in,2026-02-01,False
L-5310,NA,US,none,,False
L-5311,NA,CA,express,2026-07-16,False
L-5312,NA,US,opt_in,2026-05-10,False
L-5313,NA,US,none,,False
L-5314,NA,US,none,,True
L-5315,NA,US,none,,False
L-5316,NA,CA,implied_inquiry,2026-09-04,False
L-5317,EMEA,GB,opt_in,2026-02-17,False
L-5318,NA,US,opt_in,2026-02-12,False
L-5319,NA,US,opt_in,2026-04-12,False
L-5320,LATAM,,opt_in,2026-06-28,False
L-5321,EMEA,,opt_in,2026-01-09,False
L-5322,EMEA,,legitimate_interest,2026-07-24,False
L-5323,NA,CA,express,2026-01-21,True
L-5324,,,opt_in,2026-03-12,False
L-5325,NA,CA,none,,True
L-5326,NA,US,opt_in,2026-04-06,False
L-5327,NA,US,opt_in,2026-04-26,False
L-5328,NA,US,none,,True
L-5329,NA,US,opt_in,2026-09-10,False
L-5330,NA,US,none,,False
L-5331,LATAM,,none,,False
L-5332,EMEA,,opt_in,2026-04-17,False
L-5333,NA,US,none,,True
L-5334,NA,US,none,,False
L-5335,NA,US,none,,False
L-5336,,,opt_in,2026-04-04,False
L-5337,NA,US,opt_in,2026-08-12,False
L-5338,NA,US,none,,False
L-5339,NA,US,none,,False
L-5340,NA,US,none,,False
L-5341,LATAM,,opt_in,2026-07-17,False
L-5342,NA,CA,implied_inquiry,2026-03-24,False
L-5343,NA,US,opt_in,2026-07-26,False
L-5344,MENA,,opt_in,2026-05-15,False
L-5345,NA,US,opt_in,2026-08-26,False
L-5346,NA,US,opt_in,2026-03-30,False
L-5347,NA,US,none,,False
L-5348,NA,US,none,,False
L-5349,NA,US,opt_in,2026-02-05,False
L-5350,,,opt_in,2026-08-12,True
L-5351,NA,US,opt_in,2026-01-18,False
L-5352,NA,US,opt_in,2026-02-15,True
L-5353,MENA,,none,,False
L-5354,NA,CA,implied_inquiry,2026-03-09,False
L-5355,EMEA,GB,opt_in,2026-05-04,False
L-5356,NA,CA,express,2026-07-18,False
L-5357,NA,US,opt_in,2026-06-15,False
L-5358,APAC,,none,,False
L-5359,NA,CA,express,2026-09-11,False
L-5360,NA,US,opt_in,2026-05-29,False
L-5361,EMEA,,opt_in,2026-07-09,False
L-5362,NA,US,opt_in,2026-03-22,False
L-5363,NA,US,opt_in,2026-03-05,False
L-5364,,,opt_in,2026-04-09,False
L-5365,NA,CA,express,2026-01-25,False
L-5366,NA,US,opt_in,2026-08-20,False
L-5367,EMEA,GB,opt_in,2026-04-25,False
L-5368,,,none,,False
L-5369,,,opt_in,2026-03-09,False
L-5370,NA,CA,express,2026-02-27,False
L-5371,,,none,,False
L-5372,EMEA,,opt_in,2026-03-10,False
L-5373,APAC,,none,,False
L-5374,EMEA,GB,opt_in,2026-02-17,False
L-5375,NA,US,opt_in,2026-01-08,False
L-5376,EMEA,,opt_in,2026-06-27,False
L-5377,MENA,,opt_in,2026-07-06,False
L-5378,LATAM,,opt_in,2026-01-08,False
L-5379,NA,US,opt_in,2026-03-28,False
L-5380,NA,US,opt_in,2026-09-15,False
L-5381,NA,US,none,,False
L-5382,NA,US,opt_in,2026-04-16,False
L-5383,NA,CA,implied_inquiry,2026-04-13,False
L-5384,EMEA,GB,opt_in,2026-01-31,False
L-5385,NA,CA,implied_inquiry,2026-02-25,False
L-5386,EMEA,,opt_in,2026-07-14,False
L-5387,NA,US,none,,False
L-5388,EMEA,,legitimate_interest,2026-08-16,False
L-5389,EMEA,,opt_in,2026-09-24,False
L-5390,LATAM,,none,,False
L-5391,LATAM,,opt_in,2026-05-23,False
L-5392,NA,US,opt_in,2026-05-28,False
L-5393,EMEA,,opt_in,2026-05-22,False
L-5394,NA,US,none,,False
L-5395,NA,US,opt_in,2026-02-25,False
L-5396,NA,US,none,,False
L-5397,NA,CA,express,2026-01-05,False
L-5398,EMEA,,opt_in,2026-03-02,False
L-5399,NA,US,none,,False
L-5400,NA,US,none,,False
L-5401,NA,US,opt_in,2026-04-08,False
L-5402,NA,CA,implied_inquiry,2026-09-16,False
L-5403,NA,US,none,,False
L-5404,EMEA,GB,legitimate_interest,2026-01-18,True
L-5405,NA,US,opt_in,2026-09-02,False
L-5406,NA,US,opt_in,2026-08-25,False
L-5407,NA,US,opt_in,2026-09-01,False
L-5408,,,none,,False
L-5409,EMEA,,opt_in,2026-09-18,False
L-5410,NA,US,none,,False
L-5411,EMEA,GB,opt_in,2026-01-25,False
L-5412,EMEA,GB,none,,False
L-5413,NA,US,opt_in,2026-09-11,False
L-5414,NA,US,opt_in,2026-05-10,False
L-5415,NA,CA,none,,False
L-5416,NA,US,opt_in,2026-02-05,False
L-5417,APAC,,opt_in,2026-02-01,False
L-5418,NA,US,opt_in,2026-04-16,False
L-5419,NA,CA,express,2026-08-23,False
L-5420,NA,US,opt_in,2026-01-13,False
L-5421,NA,CA,express,2026-05-30,False
L-5422,NA,US,none,,False
L-5423,NA,US,opt_in,2026-08-05,False
L-5424,LATAM,,opt_in,2026-08-13,False
L-5425,,,none,,False
L-5426,NA,US,none,,False
L-5427,NA,US,none,,False
L-5428,NA,US,opt_in,2026-07-24,False
L-5429,EMEA,,legitimate_interest,2026-01-21,True
L-5430,LATAM,,opt_in,2026-02-16,True
L-5431,EMEA,GB,opt_in,2026-04-03,False
L-5432,EMEA,GB,opt_in,2026-04-17,False
L-5433,EMEA,,legitimate_interest,2026-03-04,False
L-5434,NA,US,none,,False
L-5435,NA,US,opt_in,2026-06-16,False
L-5436,NA,CA,express,2026-01-07,False
L-5437,,,none,,False
L-5438,NA,CA,express,2026-03-17,False
L-5439,NA,US,opt_in,2026-06-22,False
L-5440,EMEA,,opt_in,2026-05-08,False
L-5441,NA,US,none,,False
L-5442,EMEA,GB,opt_in,2026-04-27,False
L-5443,NA,US,opt_in,2026-09-05,False
L-5444,LATAM,,opt_in,2026-07-30,False
L-5445,MENA,,opt_in,2026-07-31,False
L-5446,EMEA,,opt_in,2026-09-06,False
L-5447,NA,CA,implied_inquiry,2026-02-13,False
L-5448,NA,US,none,,True
L-5449,EMEA,GB,opt_in,2026-01-11,False
L-5450,NA,US,opt_in,2026-07-06,False
L-5451,NA,CA,express,2026-04-04,False
L-5452,LATAM,,opt_in,2026-01-09,False
L-5453,NA,US,none,,False
L-5454,LATAM,,opt_in,2026-06-02,False
L-5455,NA,US,opt_in,2026-04-03,False
L-5456,NA,US,none,,False
L-5457,NA,US,opt_in,2026-05-09,False
L-5458,EMEA,,opt_in,2026-08-28,True
L-5459,EMEA,,opt_in,2026-02-01,False
L-5460,NA,US,opt_in,2026-09-28,False
L-5461,APAC,,opt_in,2026-05-18,False
L-5462,NA,US,opt_in,2026-06-02,False
L-5463,NA,US,opt_in,2026-07-23,False
L-5464,NA,CA,implied_inquiry,2026-02-06,False
L-5465,NA,US,none,,False
L-5466,NA,US,none,,False
L-5467,EMEA,,opt_in,2026-02-11,False
L-5468,NA,US,opt_in,2026-04-30,False
L-5469,NA,CA,none,,False
L-5470,NA,US,opt_in,2026-07-16,False
L-5471,NA,US,none,,False
L-5472,NA,US,none,,True
L-5473,MENA,,none,,False
L-5474,NA,US,none,,False
L-5475,NA,US,opt_in,2026-08-04,False
L-5476,NA,US,opt_in,2026-02-13,False
L-5477,MENA,,none,,False
L-5478,NA,US,opt_in,2026-07-14,True
L-5479,LATAM,,opt_in,2026-07-19,False
L-5480,APAC,,none,,False
L-5481,,,opt_in,2026-05-25,False
L-5482,NA,US,opt_in,2026-09-07,False
L-5483,APAC,,none,,False
L-5484,EMEA,GB,opt_in,2026-05-16,False
L-5485,NA,US,opt_in,2026-03-19,False
L-5486,NA,US,none,,False
L-5487,MENA,,opt_in,2026-02-13,False
L-5488,NA,US,opt_in,2026-06-04,False
L-5489,NA,US,opt_in,2026-07-04,False
L-5490,NA,US,opt_in,2026-05-31,False
L-5491,NA,CA,express,2026-09-02,False
L-5492,EMEA,,opt_in,2026-05-08,False
L-5493,NA,US,none,,False
L-5494,NA,US,opt_in,2026-02-23,False
L-5495,APAC,,opt_in,2026-03-19,False
L-5496,NA,US,opt_in,2026-03-18,False
L-5497,NA,US,opt_in,2026-05-29,False
L-5498,NA,US,none,,False
L-5499,NA,US,opt_in,2026-09-28,False
L-5500,MENA,,opt_in,2026-05-20,False
L-5501,LATAM,,none,,False
L-5502,NA,US,opt_in,2026-05-03,False
L-5503,EMEA,GB,none,,False
L-5504,LATAM,,none,,False
L-5505,NA,US,opt_in,2026-03-31,False
L-5506,NA,US,none,,True
L-5507,NA,US,opt_in,2026-04-25,False
L-5508,NA,US,opt_in,2026-02-11,False
L-5509,,,none,,True
L-5510,EMEA,,legitimate_interest,2026-07-14,False
L-5511,NA,US,opt_in,2026-04-01,False
L-5512,NA,US,none,,False
L-5513,NA,US,none,,False
L-5514,EMEA,,opt_in,2026-03-06,False
L-5515,NA,US,opt_in,2026-03-30,False
L-5516,NA,US,opt_in,2026-02-08,False
L-5517,NA,CA,none,,False
L-5518,NA,US,none,,False
L-5519,EMEA,GB,opt_in,2026-07-25,False
L-5520,APAC,,none,,False
L-5521,NA,US,none,,False
L-5522,NA,CA,express,2026-05-25,False
L-5523,NA,US,opt_in,2026-01-24,False
L-5524,EMEA,,opt_in,2026-02-23,False
L-5525,NA,US,none,,False
L-5526,NA,US,opt_in,2026-04-08,False
L-5527,NA,US,none,,False
L-5528,APAC,,opt_in,2026-05-20,False
L-5529,EMEA,,legitimate_interest,2026-06-01,False
L-5530,NA,US,opt_in,2026-07-17,False
L-5531,EMEA,,legitimate_interest,2026-09-01,False
L-5532,NA,US,opt_in,2026-05-22,False
L-5533,NA,US,none,,False
L-5534,MENA,,opt_in,2026-01-07,False
L-5535,EMEA,GB,opt_in,2026-06-16,False
L-5536,NA,US,none,,True
L-5537,NA,US,opt_in,2026-02-21,False
L-5538,EMEA,,legitimate_interest,2026-07-31,False
L-5539,APAC,,none,,False
L-5540,LATAM,,opt_in,2026-01-25,False
L-5541,NA,CA,express,2026-06-06,False
L-5542,NA,US,opt_in,2026-05-09,False
L-5543,NA,US,none,,False
L-5544,EMEA,,opt_in,2026-01-28,False
L-5545,MENA,,none,,False
L-5546,NA,US,opt_in,2026-03-23,False
L-5547,NA,CA,implied_inquiry,2026-07-13,False
L-5548,MENA,,none,,False
L-5549,NA,US,opt_in,2026-04-26,False
L-5550,LATAM,,none,,False
L-5551,NA,US,opt_in,2026-07-13,False
L-5552,NA,CA,implied_inquiry,2026-03-13,False
L-5553,NA,CA,implied_inquiry,2026-06-23,False
L-5554,NA,US,opt_in,2026-01-17,False
L-5555,EMEA,,opt_in,2026-03-03,False
L-5556,APAC,,none,,False
L-5557,NA,US,none,,False
L-5558,NA,US,opt_in,2026-06-09,True
L-5559,EMEA,,legitimate_interest,2026-09-10,False
L-5560,APAC,,opt_in,2026-05-01,True
L-5561,NA,US,none,,False
L-5562,EMEA,GB,opt_in,2026-02-05,False
L-5563,EMEA,,none,,False
L-5564,NA,US,opt_in,2026-09-21,False
L-5565,APAC,,opt_in,2026-09-11,False
L-5566,EMEA,GB,legitimate_interest,2026-05-03,False
L-5567,NA,US,none,,False
L-5568,NA,CA,implied_inquiry,2026-06-10,True
L-5569,APAC,,opt_in,2026-04-18,False
L-5570,APAC,,opt_in,2026-05-25,False
L-5571,MENA,,none,,False
L-5572,NA,US,none,,False
L-5573,EMEA,,opt_in,2026-02-08,True
L-5574,EMEA,,opt_in,2026-01-13,False
L-5575,,,none,,False
L-5576,NA,US,opt_in,2026-05-17,False
L-5577,APAC,,opt_in,2026-02-09,False
L-5578,NA,US,opt_in,2026-07-18,False
L-5579,NA,CA,implied_inquiry,2026-06-16,False
L-5580,LATAM,,none,,False
L-5581,NA,US,none,,True
L-5582,EMEA,GB,opt_in,2026-04-07,False
L-5583,LATAM,,opt_in,2026-03-19,False
L-5584,NA,US,none,,False
L-5585,EMEA,,opt_in,2026-04-27,True
L-5586,NA,CA,express,2026-06-21,False
L-5587,NA,CA,express,2026-07-31,True
L-5588,EMEA,,none,,False
L-5589,NA,US,opt_in,2026-06-11,False
L-5590,MENA,,opt_in,2026-07-05,False
L-5591,LATAM,,opt_in,2026-04-30,False
L-5592,NA,US,opt_in,2026-06-13,False
L-5593,NA,US,none,,False
L-5594,NA,US,opt_in,2026-08-25,False
L-5595,NA,US,opt_in,2026-06-03,False
L-5596,NA,US,none,,False
L-5597,APAC,,opt_in,2026-02-27,False
L-5598,NA,CA,implied_inquiry,2026-08-08,False
L-5599,NA,CA,express,2026-04-07,False
L-5600,NA,US,opt_in,2026-04-22,True
L-5601,,,opt_in,2026-07-19,True
L-5602,NA,US,none,,False
L-5603,,,none,,False
L-5604,NA,US,none,,False
L-5605,EMEA,,legitimate_interest,2026-08-04,False
L-5606,NA,US,opt_in,2026-03-11,False
L-5607,,,opt_in,2026-02-03,False
L-5608,EMEA,,opt_in,2026-03-14,False
L-5609,NA,US,none,,False
L-5610,LATAM,,opt_in,2026-04-08,False
L-5611,NA,US,opt_in,2026-02-22,False
L-5612,EMEA,,opt_in,2026-04-03,False
L-5613,NA,US,opt_in,2026-06-13,True
L-5614,NA,US,none,,False
L-5615,NA,US,opt_in,2026-09-28,False
L-5616,NA,CA,implied_inquiry,2026-07-30,False
L-5617,NA,US,none,,False
L-5618,NA,US,opt_in,2026-04-24,False
L-5619,NA,CA,implied_inquiry,2026-04-05,False
L-5620,NA,US,opt_in,2026-05-27,False
L-5621,LATAM,,opt_in,2026-06-21,False
L-5622,NA,US,opt_in,2026-03-03,False
L-5623,NA,US,opt_in,2026-04-22,False
L-5624,NA,US,opt_in,2026-03-24,False
L-5625,LATAM,,none,,False
L-5626,NA,US,none,,False
L-5627,NA,US,none,,False
L-5628,NA,US,none,,False
L-5629,NA,US,none,,False
L-5630,NA,US,none,,False
L-5631,NA,US,none,,False
L-5632,,,opt_in,2026-03-23,False
L-5633,NA,US,opt_in,2026-06-14,False
L-5634,NA,US,opt_in,2026-03-27,False
L-5635,EMEA,GB,legitimate_interest,2026-08-22,False
L-5636,LATAM,,opt_in,2026-08-06,False
L-5637,LATAM,,none,,False
L-5638,NA,US,opt_in,2026-09-02,False
L-5639,NA,US,none,,False
L-5640,NA,US,opt_in,2026-06-28,False
L-5641,NA,US,none,,False
L-5642,NA,US,opt_in,2026-04-16,False
L-5643,APAC,,none,,False
L-5644,NA,US,opt_in,2026-03-28,False
L-5645,NA,US,opt_in,2026-06-17,False
L-5646,EMEA,,opt_in,2026-08-30,False
L-5647,NA,US,none,,False
L-5648,NA,US,none,,False
L-5649,NA,CA,express,2026-08-06,False
L-5650,EMEA,GB,opt_in,2026-03-11,False
L-5651,NA,US,none,,False
L-5652,NA,US,none,,False
L-5653,NA,US,opt_in,2026-01-06,False
L-5654,NA,US,none,,False
L-5655,NA,CA,implied_inquiry,2026-03-21,True
L-5656,EMEA,,opt_in,2026-03-18,False
L-5657,EMEA,,legitimate_interest,2026-03-13,False
L-5658,NA,CA,implied_inquiry,2026-08-04,False
L-5659,EMEA,GB,opt_in,2026-01-17,False
L-5660,NA,CA,express,2026-02-08,False
L-5661,EMEA,GB,opt_in,2026-03-23,False
L-5662,MENA,,none,,False
L-5663,EMEA,,opt_in,2026-07-08,False
L-5664,NA,US,opt_in,2026-08-27,False
L-5665,NA,US,opt_in,2026-08-20,False
L-5666,NA,CA,implied_inquiry,2026-05-19,False
L-5667,NA,US,opt_in,2026-08-31,False
L-5668,NA,US,none,,False
L-5669,NA,CA,implied_inquiry,2026-09-03,False
L-5670,EMEA,GB,opt_in,2026-06-03,False
L-5671,EMEA,GB,legitimate_interest,2026-06-29,False
L-5672,NA,US,opt_in,2026-01-26,True
L-5673,EMEA,,opt_in,2026-07-03,False
L-5674,EMEA,,none,,False
L-5675,NA,US,none,,False
L-5676,NA,CA,express,2026-07-20,False
L-5677,NA,CA,implied_inquiry,2026-02-22,False
L-5678,NA,US,opt_in,2026-09-19,True
L-5679,LATAM,,opt_in,2026-01-25,False
L-5680,NA,US,opt_in,2026-04-29,False
L-5681,NA,US,none,,False
L-5682,NA,CA,express,2026-03-07,False
L-5683,EMEA,GB,legitimate_interest,2026-03-05,False
L-5684,NA,US,none,,False
L-5685,EMEA,,opt_in,2026-08-04,False
L-5686,EMEA,,legitimate_interest,2026-09-28,False
L-5687,NA,CA,express,2026-05-27,False
L-5688,EMEA,,none,,False
L-5689,NA,US,opt_in,2026-05-01,False
L-5690,LATAM,,none,,False
L-5691,NA,CA,implied_inquiry,2026-09-09,False
L-5692,EMEA,,opt_in,2026-09-23,False
L-5693,NA,US,opt_in,2026-01-26,False
L-5694,EMEA,GB,opt_in,2026-05-21,False
L-5695,EMEA,,opt_in,2026-03-09,False
L-5696,EMEA,GB,legitimate_interest,2026-02-25,False
L-5697,NA,US,opt_in,2026-09-21,False
L-5698,NA,US,none,,False
L-5699,EMEA,,opt_in,2026-04-27,False
L-5700,,,none,,False
L-5701,NA,US,none,,False
L-5702,MENA,,opt_in,2026-05-24,False
L-5703,NA,CA,implied_inquiry,2026-08-25,False
L-5704,NA,CA,express,2026-09-30,False
L-5705,,,opt_in,2026-07-12,False
L-5706,NA,CA,implied_inquiry,2026-03-21,False
L-5707,LATAM,,opt_in,2026-08-05,False
L-5708,EMEA,,none,,False
L-5709,NA,US,opt_in,2026-09-22,False
L-5710,NA,US,opt_in,2026-08-14,False
L-5711,EMEA,,opt_in,2026-05-26,False
L-5712,NA,US,opt_in,2026-02-07,True
L-5713,NA,CA,none,,False
L-5714,NA,US,opt_in,2026-02-28,False
L-5715,EMEA,GB,opt_in,2026-05-09,False
L-5716,NA,US,opt_in,2026-07-31,False
L-5717,EMEA,GB,opt_in,2026-01-06,False
L-5718,NA,US,none,,False
L-5719,LATAM,,opt_in,2026-07-25,False
L-5720,NA,US,none,,False
L-5721,APAC,,opt_in,2026-04-22,False
L-5722,NA,US,opt_in,2026-08-09,False
L-5723,EMEA,,opt_in,2026-08-06,False
L-5724,EMEA,,opt_in,2026-01-25,False
L-5725,NA,US,none,,False
L-5726,NA,US,opt_in,2026-01-31,False
L-5727,LATAM,,opt_in,2026-05-17,False
L-5728,NA,US,none,,False
L-5729,MENA,,opt_in,2026-02-06,False
L-5730,NA,US,none,,False
L-5731,NA,US,none,,False
L-5732,NA,US,opt_in,2026-02-17,False
L-5733,NA,US,opt_in,2026-06-04,False
L-5734,NA,US,none,,False
L-5735,NA,US,opt_in,2026-05-03,False
L-5736,NA,US,none,,False
L-5737,NA,CA,implied_inquiry,2026-05-20,False
L-5738,NA,CA,express,2026-01-07,False
L-5739,EMEA,,opt_in,2026-08-08,False
L-5740,,,opt_in,2026-05-03,False
L-5741,NA,US,opt_in,2026-08-21,False
L-5742,NA,US,none,,False
L-5743,APAC,,none,,False
L-5744,NA,US,opt_in,2026-08-17,False
L-5745,EMEA,GB,opt_in,2026-02-06,False
L-5746,EMEA,GB,opt_in,2026-01-05,False
L-5747,NA,US,none,,False
L-5748,NA,US,opt_in,2026-02-26,False
L-5749,,,opt_in,2026-05-28,False
L-5750,NA,US,opt_in,2026-06-23,False
L-5751,APAC,,opt_in,2026-05-25,False
L-5752,NA,CA,implied_inquiry,2026-04-19,False
L-5753,NA,US,none,,False
L-5754,NA,US,opt_in,2026-04-25,False
L-5755,EMEA,,legitimate_interest,2026-02-20,False
L-5756,EMEA,GB,legitimate_interest,2026-02-11,False
L-5757,,,opt_in,2026-02-19,False
L-5758,EMEA,,opt_in,2026-01-17,False
L-5759,NA,US,none,,False
L-5760,NA,CA,express,2026-01-25,False
L-5761,NA,US,opt_in,2026-03-22,False
L-5762,NA,US,none,,False
L-5763,EMEA,GB,legitimate_interest,2026-01-29,False
L-5764,NA,US,opt_in,2026-03-25,False
L-5765,NA,US,opt_in,2026-04-24,True
L-5766,EMEA,GB,opt_in,2026-07-12,False
L-5767,NA,US,opt_in,2026-09-18,False
L-5768,EMEA,,none,,False
L-5769,MENA,,opt_in,2026-02-20,False
L-5770,NA,US,opt_in,2026-09-30,False
L-5771,APAC,,none,,False
L-5772,NA,US,opt_in,2026-03-14,False
L-5773,NA,US,opt_in,2026-04-25,False
L-5774,NA,US,opt_in,2026-05-06,False
L-5775,NA,US,opt_in,2026-02-25,False
L-5776,APAC,,none,,False
L-5777,EMEA,,legitimate_interest,2026-06-29,False
L-5778,NA,US,none,,False
L-5779,NA,CA,express,2026-07-16,False
L-5780,NA,US,none,,False
L-5781,LATAM,,none,,False
L-5782,NA,US,none,,False
L-5783,NA,US,none,,False
L-5784,NA,US,none,,False
L-5785,NA,US,opt_in,2026-03-30,False
L-5786,APAC,,opt_in,2026-02-12,False
L-5787,NA,CA,implied_inquiry,2026-08-19,False
L-5788,NA,US,none,,False
L-5789,EMEA,,legitimate_interest,2026-09-30,False
L-5790,NA,US,none,,False
L-5791,NA,CA,express,2026-06-16,False
L-5792,NA,US,none,,False
L-5793,NA,US,opt_in,2026-02-26,False
L-5794,EMEA,,opt_in,2026-04-02,False
L-5795,NA,CA,implied_inquiry,2026-06-27,False
L-5796,EMEA,,legitimate_interest,2026-01-12,False
L-5797,NA,US,opt_in,2026-03-22,False
L-5798,EMEA,,opt_in,2026-05-22,False
L-5799,NA,US,opt_in,2026-05-02,False
L-5800,NA,US,none,,False
L-5801,NA,US,opt_in,2026-08-29,False
L-5802,NA,US,none,,False
L-5803,LATAM,,opt_in,2026-05-28,False
L-5804,NA,US,opt_in,2026-03-14,False
L-5805,NA,US,none,,False
L-5806,MENA,,opt_in,2026-06-20,False
L-5807,NA,US,none,,False
L-5808,EMEA,,opt_in,2026-06-21,False
L-5809,EMEA,,opt_in,2026-01-28,False
L-5810,EMEA,,none,,False
L-5811,EMEA,,legitimate_interest,2026-09-21,False
L-5812,NA,CA,express,2026-08-09,False
L-5813,NA,CA,implied_inquiry,2026-01-25,False
L-5814,NA,US,none,,False
L-5815,NA,US,none,,False
L-5816,NA,US,none,,False
L-5817,NA,US,none,,False
L-5818,NA,US,opt_in,2026-07-03,False
L-5819,NA,CA,express,2026-05-08,False
L-5820,NA,US,none,,True
L-5821,NA,US,opt_in,2026-02-12,False
L-5822,MENA,,opt_in,2026-08-06,False
L-5823,EMEA,GB,none,,False
L-5824,NA,US,none,,False
L-5825,EMEA,GB,opt_in,2026-02-01,False
L-5826,NA,US,none,,False
L-5827,,,opt_in,2026-07-22,False
L-5828,EMEA,GB,opt_in,2026-09-23,False
L-5829,NA,CA,express,2026-03-23,False
L-5830,NA,US,opt_in,2026-03-15,False
L-5831,NA,US,opt_in,2026-04-05,False
L-5832,MENA,,none,,False
L-5833,EMEA,,legitimate_interest,2026-08-10,False
L-5834,NA,US,opt_in,2026-05-03,False
L-5835,NA,US,opt_in,2026-06-29,False
L-5836,,,none,,False
L-5837,NA,US,none,,False
L-5838,EMEA,GB,opt_in,2026-08-22,False
L-5839,EMEA,,legitimate_interest,2026-09-13,False
L-5840,NA,CA,express,2026-08-12,False
L-5841,,,none,,False
L-5842,NA,CA,express,2026-08-21,False
L-5843,NA,US,opt_in,2026-09-18,True
L-5844,LATAM,,none,,False
L-5845,,,none,,False
L-5846,NA,US,opt_in,2026-03-30,False
L-5847,NA,US,none,,False
L-5848,NA,CA,express,2026-01-16,False
L-5849,MENA,,opt_in,2026-09-21,False
L-5850,NA,US,none,,False
L-5851,EMEA,GB,opt_in,2026-07-24,False
L-5852,LATAM,,none,,False
L-5853,NA,US,none,,False
L-5854,NA,US,opt_in,2026-03-23,False
L-5855,NA,US,opt_in,2026-03-10,False
L-5856,EMEA,,opt_in,2026-02-08,False
L-5857,EMEA,,opt_in,2026-03-29,False
L-5858,NA,CA,express,2026-06-24,False
L-5859,LATAM,,none,,False
L-5860,NA,US,opt_in,2026-03-20,False
L-5861,NA,US,none,,False
L-5862,EMEA,,opt_in,2026-04-07,False
L-5863,,,opt_in,2026-07-26,False
L-5864,NA,US,opt_in,2026-06-08,False
L-5865,NA,CA,implied_inquiry,2026-09-16,False
L-5866,NA,US,opt_in,2026-06-17,False
L-5867,APAC,,opt_in,2026-03-01,True
L-5868,NA,US,none,,False
L-5869,EMEA,,opt_in,2026-01-08,False
L-5870,EMEA,GB,opt_in,2026-07-07,False
L-5871,EMEA,,opt_in,2026-06-29,False
L-5872,NA,US,opt_in,2026-03-11,False
L-5873,NA,US,opt_in,2026-07-12,False
L-5874,LATAM,,opt_in,2026-09-12,False
L-5875,EMEA,,opt_in,2026-02-08,False
L-5876,NA,US,opt_in,2026-09-25,False
L-5877,NA,CA,implied_inquiry,2026-05-18,False
L-5878,NA,US,none,,False
L-5879,NA,US,opt_in,2026-03-25,False
L-5880,NA,US,opt_in,2026-07-19,False
L-5881,EMEA,,opt_in,2026-03-23,False
L-5882,NA,US,opt_in,2026-09-29,False
L-5883,NA,CA,express,2026-07-21,False
L-5884,,,opt_in,2026-02-17,False
L-5885,EMEA,,opt_in,2026-08-27,False
L-5886,MENA,,opt_in,2026-06-07,False
L-5887,NA,US,opt_in,2026-04-14,False
L-5888,NA,US,none,,False
L-5889,NA,US,opt_in,2026-07-09,False
L-5890,EMEA,GB,opt_in,2026-04-10,False
L-5891,NA,CA,express,2026-07-08,False
L-5892,APAC,,opt_in,2026-05-28,False
L-5893,EMEA,GB,opt_in,2026-05-21,False
L-5894,NA,US,opt_in,2026-01-14,False
L-5895,NA,US,none,,False
L-5896,NA,US,none,,False
L-5897,NA,US,opt_in,2026-02-18,False
L-5898,EMEA,GB,legitimate_interest,2026-08-29,False
L-5899,MENA,,none,,False
L-9900,EMEA,GB,legitimate_interest,2026-06-05,False
L-9901,NA,US,none,,False
L-9902,NA,US,opt_in,2026-02-12,False
L-9903,NA,CA,express,2026-03-15,False
L-9904,NA,US,opt_in,2026-07-13,False
L-9905,MENA,,opt_in,2026-07-06,False
