opportunity_id,account_id,account_name,segment,region,type,product_line,source,partner,owner,amount,stage,forecast_category,created_date,close_date,stage_entered_date,last_activity_date,contacts_engaged,economic_buyer_engaged,poc_status,security_review,next_step,is_closed,is_won,closed_lost_reason,competitor,originating_lead_id
OPP-7000,ACC-1154,Maple Leaf Savings Bank,regional_bank_cu,NA,New Logo,compliance,Marketing,,AE - Jon Reyes,63000,4 - Business Case & Security Review,Best Case,2026-06-07,2026-11-21,2026-09-21,2026-09-19,7,True,In Progress,Complete,Pricing review,False,False,,Unit21,L-5005
OPP-7001,ACC-1004,Union Square Bank,tier1_bank,EMEA,Expansion,fraud,Marketing,,AE - Klara Weiss,415000,3 - Technical Validation,Best Case,2026-07-16,2026-12-06,2026-09-02,2026-09-23,7,False,Passed,Not Started,POC readout,False,False,,Unit21,L-5006
OPP-7002,ACC-1222,Silverline Card,fintech_neobank,NA,Expansion,compliance,Marketing,,AE - Hugo Park,51000,Closed Lost,Omitted,2026-05-18,2026-07-25,2026-07-25,2026-07-25,7,True,Passed,In Progress,Legal redlines,True,False,No Decision / Status Quo,Socure,L-5019
OPP-7003,ACC-1105,Harborview Community Bank,regional_bank_cu,NA,Expansion,compliance,Marketing,,AE - Iris Bell,31000,Closed Lost,Omitted,2026-06-17,2026-09-27,2026-09-27,2026-09-27,2,True,N/A,Not Started,Security questionnaire,True,False,Champion Left,None known,L-5036
OPP-7004,ACC-1152,Riverbend Savings Bank,regional_bank_cu,NA,New Logo,fraud,Partner,Modulr,AE - Iris Bell,77000,Closed Lost,Omitted,2026-04-08,2026-08-08,2026-08-08,2026-08-08,4,False,Not Started,In Progress,POC readout,True,False,No Decision / Status Quo,Feedzai,L-5048
OPP-7005,ACC-1114,Pinecrest Savings Bank,regional_bank_cu,NA,New Logo,compliance,Marketing,,AE - Iris Bell,63000,3 - Technical Validation,Best Case,2026-08-25,2026-11-18,2026-08-27,2026-09-19,7,True,Not Started,Not Started,,False,False,,Socure,L-5050
OPP-7006,ACC-1038,Bayfront Savings Bank,regional_bank_cu,NA,Expansion,compliance,Marketing,,AE - Grace Tan,55000,5 - Negotiate & Contract,Commit,2026-07-01,2026-10-12,2026-09-16,2026-09-29,1,False,Not Started,In Progress,Pricing review,False,False,,Sift,L-5064
OPP-7007,ACC-1354,Redwood National Bank,sponsor_bank_baas,LATAM,Expansion,compliance,Marketing,,AE - Nico Duarte,39000,5 - Negotiate & Contract,Commit,2026-03-21,2026-10-05,2026-09-02,2026-09-13,1,True,In Progress,Not Started,Pricing review,False,False,,None known,L-5069
OPP-7008,ACC-1038,Bayfront Savings Bank,regional_bank_cu,NA,Expansion,fraud,Partner,Helix by Q2,AE - Hugo Park,59000,Closed Lost,Omitted,2026-04-22,2026-08-11,2026-08-11,2026-08-11,2,True,Not Started,Not Started,POC readout,True,False,Price,Unit21,L-5074
OPP-7009,ACC-1346,Lakeshore HR,b2b_saas_payroll,LATAM,New Logo,fraud,Marketing,,AE - Nico Duarte,119000,Closed Won,Closed,2026-05-23,2026-09-03,2026-09-03,2026-09-03,7,False,Not Started,Not Started,Security questionnaire,True,True,,Socure,L-5105
OPP-7010,ACC-1177,Falcon Federal CU,regional_bank_cu,NA,New Logo,fraud,SDR,,AE - Iris Bell,64000,Closed Lost,Omitted,2026-04-18,2026-09-25,2026-09-25,2026-09-25,2,False,N/A,Complete,Security questionnaire,True,False,Security / Compliance Blocker,None known,L-5108
OPP-7011,ACC-1100,Oakmont Financial Group,tier1_bank,EMEA,New Logo,compliance,SDR,,AE - Klara Weiss,271000,Closed Won,Closed,2026-04-03,2026-09-09,2026-09-09,2026-09-09,7,True,N/A,Complete,Security questionnaire,True,True,,In-house build,L-5110
OPP-7012,ACC-1403,Redwood BaaS,sponsor_bank_baas,NA,New Logo,compliance,Marketing,,AE - Grace Tan,195000,1 - Qualify,Pipeline,2026-09-08,2027-01-28,2026-08-19,2026-09-29,3,False,Not Started,Not Started,,False,False,,SEON,L-5125
OPP-7013,ACC-1367,Stonebridge Community Bank,regional_bank_cu,NA,New Logo,fraud,Marketing,,AE - Grace Tan,83000,Closed Won,Closed,2026-01-26,2026-08-08,2026-08-08,2026-08-08,5,True,Not Started,In Progress,Exec alignment call,True,True,,In-house build,L-5129
OPP-7014,ACC-1017,Riverbend Custody,crypto,LATAM,Expansion,compliance,Partner,Modulr,AE - Nico Duarte,112000,3 - Technical Validation,Best Case,2026-01-26,2026-05-25,2026-09-26,2026-08-22,5,False,Not Started,Not Started,Security questionnaire,False,False,,Unit21,L-5133
OPP-7015,ACC-1078,Crescent Merchant Services,payments_issuing,EMEA,New Logo,fraud,SDR,,AE - Liam Byrne,362000,3 - Technical Validation,Best Case,2026-08-02,2026-12-26,2026-09-08,2026-09-26,2,False,Passed,Not Started,,False,False,,Unit21,L-5136
OPP-7016,ACC-1317,Highland Payments,payments_issuing,NA,New Logo,fraud,Marketing,,AE - Grace Tan,196000,Closed Won,Closed,2026-02-05,2026-04-15,2026-04-15,2026-04-15,1,True,N/A,Complete,Legal redlines,True,True,,Sift,L-5155
OPP-7017,ACC-1313,Redwood Commerce,marketplace_commerce,LATAM,Expansion,fraud,Marketing,,AE - Nico Duarte,19000,1 - Qualify,Pipeline,2026-09-12,2027-01-26,2026-09-28,2026-09-26,6,True,Not Started,Not Started,POC readout,False,False,,Unit21,L-5168
OPP-7018,ACC-1045,Redwood Community Bank,regional_bank_cu,NA,Expansion,fraud,Marketing,,AE - Iris Bell,59000,1 - Qualify,Pipeline,2026-09-21,2027-04-02,2026-09-12,2026-09-23,6,True,Not Started,Not Started,Exec alignment call,False,False,,None known,L-5179
OPP-7019,ACC-1155,Lakeshore Books,b2b_saas_payroll,NA,New Logo,fraud,Marketing,,AE - Hugo Park,41000,5 - Negotiate & Contract,Commit,2026-05-31,2026-10-06,2026-09-10,2026-09-30,4,False,In Progress,Complete,Exec alignment call,False,False,,None known,L-5180
OPP-7020,ACC-1026,Westfield Books,b2b_saas_payroll,NA,New Logo,fraud,SDR,,AE - Iris Bell,53000,1 - Qualify,Commit,2026-09-21,2026-12-19,2026-09-05,2026-09-28,4,True,Not Started,Not Started,,False,False,,SEON,L-5183
OPP-7021,ACC-1145,Cedar Valley Exchange,crypto,LATAM,Expansion,compliance,Marketing,,AE - Nico Duarte,76000,Closed Lost,Omitted,2026-04-17,2026-07-11,2026-07-11,2026-07-11,1,False,Passed,In Progress,Exec alignment call,True,False,Lost to Competitor,Sift,L-5213
OPP-7022,ACC-1014,Summit Ridge HR,b2b_saas_payroll,LATAM,New Logo,fraud,SDR,,AE - Nico Duarte,43000,4 - Business Case & Security Review,Best Case,2026-05-31,2026-11-17,2026-09-28,2026-09-19,5,True,Not Started,Complete,Legal redlines,False,False,,Feedzai,L-5221
OPP-7023,ACC-1259,Sterling Community Bank,regional_bank_cu,NA,New Logo,compliance,SDR,,AE - Jon Reyes,101000,4 - Business Case & Security Review,Best Case,2026-07-09,2026-11-03,2026-09-23,2026-09-29,3,True,N/A,In Progress,POC readout,False,False,,SEON,L-5251
OPP-7024,ACC-1427,Evergreen BaaS,sponsor_bank_baas,NA,Expansion,fraud,Marketing,,AE - Jon Reyes,89000,4 - Business Case & Security Review,Best Case,2026-01-28,2026-03-29,2026-08-25,2026-08-22,6,True,Passed,Complete,Exec alignment call,False,False,,Feedzai,L-5253
OPP-7025,ACC-1336,Summit Ridge Exchange,crypto,NA,Expansion,compliance,Marketing,,AE - Hugo Park,38000,Closed Won,Closed,2026-03-22,2026-09-01,2026-09-01,2026-09-01,7,True,N/A,Complete,POC readout,True,True,,Socure,L-5274
OPP-7026,ACC-1075,Oakmont Cloud,b2b_saas_payroll,NA,Expansion,fraud,SDR,,AE - Grace Tan,92000,2 - Discovery,Pipeline,2026-08-15,2027-02-14,2026-08-28,2026-09-28,2,True,Not Started,Not Started,Pricing review,False,False,,Unit21,L-5281
OPP-7027,ACC-1157,Cedar Valley Digital Assets,crypto,MENA,Expansion,fraud,Marketing,,AE - Omar Haddad,113000,Closed Lost,Omitted,2026-04-16,2026-09-20,2026-09-20,2026-09-20,2,True,Not Started,Not Started,POC readout,True,False,Integration Effort,Socure,L-5293
OPP-7028,ACC-1344,Bayfront Card,fintech_neobank,MENA,Expansion,compliance,SDR,,AE - Omar Haddad,23000,3 - Technical Validation,Best Case,2026-06-28,2026-12-16,2026-09-08,2026-08-22,6,False,N/A,Not Started,Security questionnaire,False,False,,Socure,L-5302
OPP-7029,ACC-1098,Prairie First Chain,crypto,EMEA,New Logo,fraud,Marketing,,AE - Klara Weiss,159000,Closed Won,Closed,2026-03-16,2026-07-14,2026-07-14,2026-07-14,7,True,Passed,Complete,Pricing review,True,True,,Sift,L-5307
OPP-7030,ACC-1246,Pinecrest Pay,fintech_neobank,NA,Expansion,compliance,Marketing,,AE - Iris Bell,29000,3 - Technical Validation,Best Case,2026-07-21,2026-12-24,2026-08-16,2026-09-30,4,False,In Progress,Not Started,Legal redlines,False,False,,Socure,L-5311
OPP-7031,ACC-1191,Falcon Card,fintech_neobank,EMEA,New Logo,fraud,Marketing,,AE - Liam Byrne,176000,Closed Lost,Omitted,2026-03-08,2026-05-16,2026-05-16,2026-05-16,4,False,Passed,In Progress,Exec alignment call,True,False,Lost to Competitor,Sift,L-5317
OPP-7032,ACC-1283,Cedar Valley Sports,gaming_prediction,NA,Expansion,fraud,SDR,,AE - Hugo Park,60000,Closed Won,Closed,2026-01-27,2026-04-16,2026-04-16,2026-04-16,6,False,Passed,Complete,,True,True,,Socure,L-5323
OPP-7033,ACC-1080,Crescent National Bank,sponsor_bank_baas,EMEA,New Logo,fraud,Partner,SI partner,AE - Liam Byrne,236000,5 - Negotiate & Contract,Commit,2026-03-27,2026-10-10,2026-09-25,2026-09-23,2,False,N/A,In Progress,POC readout,False,False,,SEON,L-5324
OPP-7034,ACC-1378,Redwood Issuing,payments_issuing,NA,Expansion,compliance,Marketing,,AE - Grace Tan,188000,Closed Lost,Omitted,2026-03-31,2026-09-27,2026-09-27,2026-09-27,6,True,In Progress,Complete,Exec alignment call,True,False,Security / Compliance Blocker,Unit21,L-5338
OPP-7035,ACC-1388,Highland Custody,crypto,NA,Expansion,compliance,Partner,Modulr,AE - Hugo Park,33000,Closed Won,Closed,2026-04-05,2026-08-31,2026-08-31,2026-08-31,1,True,In Progress,Complete,Security questionnaire,True,True,,SEON,L-5342
OPP-7036,ACC-1086,Falcon Exchange,crypto,NA,New Logo,compliance,Marketing,,AE - Grace Tan,219000,Closed Lost,Omitted,2026-01-10,2026-03-28,2026-03-28,2026-03-28,1,True,N/A,In Progress,Pricing review,True,False,Security / Compliance Blocker,Socure,L-5347
OPP-7037,ACC-1036,Blue Mesa BaaS,sponsor_bank_baas,NA,Expansion,fraud,Marketing,,AE - Jon Reyes,54000,Closed Lost,Omitted,2026-06-09,2026-09-04,2026-09-04,2026-09-04,6,False,N/A,In Progress,Legal redlines,True,False,Lost to Competitor,In-house build,L-5360
OPP-7038,ACC-1142,Pinecrest Digital Assets,crypto,LATAM,Expansion,fraud,Marketing,,AE - Nico Duarte,30000,5 - Negotiate & Contract,Commit,2026-06-05,2026-10-18,2026-09-20,2026-09-29,2,False,Not Started,In Progress,Legal redlines,False,False,,In-house build,L-5391
OPP-7039,ACC-1112,Granite Peak Games,gaming_prediction,EMEA,New Logo,fraud,Marketing,,AE - Klara Weiss,29000,3 - Technical Validation,Best Case,2026-06-12,2026-12-21,2026-09-17,2026-09-29,5,False,Passed,Not Started,Legal redlines,False,False,,Sift,L-5393
OPP-7040,ACC-1362,Highland Tickets,marketplace_commerce,NA,New Logo,fraud,Marketing,,AE - Grace Tan,153000,Closed Lost,Omitted,2026-05-11,2026-07-19,2026-07-19,2026-07-19,4,True,N/A,In Progress,,True,False,Lost to Competitor,Socure,L-5396
OPP-7041,ACC-1193,Prairie First Games,gaming_prediction,EMEA,New Logo,fraud,SDR,,AE - Klara Weiss,30000,Closed Lost,Omitted,2026-01-28,2026-05-24,2026-05-24,2026-05-24,3,False,N/A,Not Started,POC readout,True,False,Security / Compliance Blocker,Feedzai,L-5404
OPP-7042,ACC-1144,Evergreen Merchant Services,payments_issuing,EMEA,New Logo,compliance,Marketing,,AE - Liam Byrne,107000,Closed Won,Closed,2026-03-10,2026-07-19,2026-07-19,2026-07-19,4,True,Passed,Complete,,True,True,,Sift,L-5408
OPP-7043,ACC-1071,Harborview Money,fintech_neobank,NA,New Logo,fraud,Marketing,,AE - Hugo Park,194000,1 - Qualify,Commit,2026-09-23,2027-01-15,2026-08-12,2026-09-26,2,False,Not Started,Not Started,Security questionnaire,False,False,,Sift,L-5413
OPP-7044,ACC-1394,Redwood HR,b2b_saas_payroll,NA,New Logo,fraud,Marketing,,AE - Hugo Park,42000,Closed Won,Closed,2026-02-10,2026-07-10,2026-07-10,2026-07-10,4,True,N/A,Not Started,,True,True,,None known,L-5427
OPP-7045,ACC-1054,Clearwater BaaS,sponsor_bank_baas,EMEA,New Logo,fraud,Marketing,,AE - Liam Byrne,244000,Closed Lost,Omitted,2026-05-15,2026-08-18,2026-08-18,2026-08-18,7,True,Passed,Complete,Legal redlines,True,False,Timing / Budget,None known,L-5442
OPP-7046,ACC-1136,Arbor Neo,fintech_neobank,NA,New Logo,fraud,Partner,SI partner,AE - Jon Reyes,175000,1 - Qualify,Pipeline,2026-09-12,2027-02-08,2026-08-23,2026-09-29,1,True,Not Started,Not Started,,False,False,,Feedzai,L-5443
OPP-7047,ACC-1147,Sterling Financial Group,tier1_bank,LATAM,Expansion,fraud,SDR,,AE - Nico Duarte,203000,Closed Lost,Omitted,2026-01-20,2026-07-04,2026-07-04,2026-07-04,7,False,Passed,Not Started,Security questionnaire,True,False,Lost to Competitor,Sift,L-5452
OPP-7048,ACC-1234,Tidewater Card,fintech_neobank,NA,Expansion,compliance,Marketing,,AE - Hugo Park,96000,2 - Discovery,Pipeline,2026-08-03,2027-02-15,2026-09-27,2026-09-19,2,False,Not Started,Not Started,Security questionnaire,False,False,,In-house build,L-5463
OPP-7049,ACC-1107,Harborview Wallet,fintech_neobank,NA,New Logo,compliance,Marketing,,AE - Iris Bell,191000,2 - Discovery,Pipeline,2026-07-22,2027-01-30,2026-09-26,2026-09-29,1,False,Not Started,Not Started,Legal redlines,False,False,,SEON,L-5478
OPP-7050,ACC-1365,Copper State Issuing,payments_issuing,EMEA,New Logo,fraud,Marketing,,AE - Liam Byrne,240000,Closed Lost,Omitted,2026-06-01,2026-08-03,2026-08-03,2026-08-03,6,True,N/A,In Progress,Pricing review,True,False,Timing / Budget,None known,L-5484
OPP-7051,ACC-1387,Summit Ridge Chain,crypto,APAC,Expansion,compliance,Marketing,,AE - Mei Lin,82000,Closed Lost,Omitted,2026-03-29,2026-09-30,2026-09-30,2026-09-30,7,False,N/A,In Progress,Security questionnaire,True,False,Lost to Competitor,In-house build,L-5495
OPP-7052,ACC-1014,Summit Ridge HR,b2b_saas_payroll,LATAM,New Logo,fraud,Partner,Modulr,AE - Nico Duarte,111000,3 - Technical Validation,Best Case,2026-06-11,2026-12-18,2026-08-10,2026-09-29,5,False,In Progress,Not Started,POC readout,False,False,,Feedzai,L-5504
OPP-7053,ACC-1043,Harborview National Bank,sponsor_bank_baas,NA,Expansion,fraud,Partner,SI partner,AE - Iris Bell,38000,Closed Lost,Omitted,2026-02-28,2026-06-16,2026-06-16,2026-06-16,3,True,Not Started,In Progress,Pricing review,True,False,Timing / Budget,Socure,L-5508
OPP-7054,ACC-1156,Pinecrest HR,b2b_saas_payroll,EMEA,New Logo,fraud,Partner,,AE - Klara Weiss,147000,1 - Qualify,Pipeline,2026-09-12,2026-12-26,2026-09-11,2026-09-06,3,False,Not Started,Not Started,,False,False,,Feedzai,L-5531
OPP-7055,ACC-1154,Maple Leaf Savings Bank,regional_bank_cu,NA,New Logo,fraud,Marketing,,AE - Grace Tan,141000,Closed Lost,Omitted,2026-03-08,2026-05-08,2026-05-08,2026-05-08,7,False,Passed,Not Started,Security questionnaire,True,False,No Decision / Status Quo,Unit21,L-5537
OPP-7056,ACC-1191,Falcon Card,fintech_neobank,EMEA,New Logo,fraud,Marketing,,AE - Klara Weiss,39000,1 - Qualify,Pipeline,2026-09-24,2027-02-24,2026-09-18,2026-09-26,3,False,Not Started,Not Started,Exec alignment call,False,False,,Sift,L-5559
OPP-7057,ACC-1011,Crescent Card,fintech_neobank,EMEA,New Logo,fraud,Marketing,,AE - Liam Byrne,81000,Closed Lost,Omitted,2026-02-19,2026-06-03,2026-06-03,2026-06-03,3,True,In Progress,Not Started,Exec alignment call,True,False,Lost to Competitor,Feedzai,L-5573
OPP-7058,ACC-1293,Evergreen Market,marketplace_commerce,NA,New Logo,fraud,Marketing,,AE - Grace Tan,34000,4 - Business Case & Security Review,Best Case,2026-04-24,2026-09-21,2026-09-21,2026-09-29,6,True,Passed,Complete,Exec alignment call,False,False,,None known,L-5575
OPP-7059,ACC-1218,Copper State Pay,fintech_neobank,NA,New Logo,compliance,Marketing,,AE - Hugo Park,186000,5 - Negotiate & Contract,Best Case,2026-05-25,2026-10-09,2026-08-19,2026-09-23,3,True,N/A,Complete,Security questionnaire,False,False,,Unit21,L-5576
OPP-7060,ACC-1136,Arbor Neo,fintech_neobank,NA,New Logo,compliance,SDR,,AE - Hugo Park,75000,3 - Technical Validation,Best Case,2026-07-01,2026-12-03,2026-08-30,2026-09-26,6,True,Not Started,Not Started,Pricing review,False,False,,Socure,L-5586
OPP-7061,ACC-1038,Bayfront Savings Bank,regional_bank_cu,NA,Expansion,compliance,Marketing,,AE - Hugo Park,64000,3 - Technical Validation,Best Case,2026-06-21,2026-12-20,2026-09-01,2026-09-06,7,True,N/A,Not Started,Security questionnaire,False,False,,Feedzai,L-5592
OPP-7062,ACC-1173,Granite Peak Pay,fintech_neobank,NA,New Logo,fraud,Partner,Sponsor bank referral,AE - Iris Bell,99000,Closed Lost,Omitted,2026-03-03,2026-05-29,2026-05-29,2026-05-29,1,True,In Progress,In Progress,Exec alignment call,True,False,Timing / Budget,In-house build,L-5611
OPP-7063,ACC-1169,Arbor Federal CU,regional_bank_cu,NA,New Logo,fraud,Marketing,,AE - Grace Tan,43000,3 - Technical Validation,Best Case,2026-06-30,2027-01-07,2026-09-28,2026-09-30,3,False,In Progress,Not Started,POC readout,False,False,,In-house build,L-5633
OPP-7064,ACC-1006,Westfield Department,public_sector,NA,New Logo,fraud,Marketing,,AE - Jon Reyes,392000,4 - Business Case & Security Review,Best Case,2026-07-06,2026-10-24,2026-09-18,2026-09-29,2,True,Not Started,Complete,Legal redlines,False,False,,In-house build,L-5640
OPP-7065,ACC-1188,Cedar Valley Books,b2b_saas_payroll,NA,New Logo,fraud,SDR,,AE - Hugo Park,165000,Closed Lost,Omitted,2026-03-28,2026-06-13,2026-06-13,2026-06-13,2,False,Not Started,Not Started,,True,False,No Decision / Status Quo,In-house build,L-5655
OPP-7066,ACC-1154,Maple Leaf Savings Bank,regional_bank_cu,NA,New Logo,fraud,SDR,,AE - Hugo Park,82000,Closed Lost,Omitted,2026-05-29,2026-09-14,2026-09-14,2026-09-14,6,True,N/A,Not Started,Security questionnaire,True,False,Price,SEON,L-5666
OPP-7067,ACC-1123,Highland Cloud,b2b_saas_payroll,EMEA,New Logo,fraud,Marketing,,AE - Klara Weiss,214000,5 - Negotiate & Contract,Best Case,2026-06-14,2026-10-01,2026-09-21,2026-09-28,7,False,N/A,Not Started,POC readout,False,False,,SEON,L-5674
OPP-7068,ACC-1245,Silverline Custody,crypto,NA,Expansion,compliance,SDR,,AE - Hugo Park,114000,Closed Lost,Omitted,2026-05-02,2026-09-23,2026-09-23,2026-09-23,2,True,Passed,Not Started,,True,False,Integration Effort,Feedzai,L-5684
OPP-7069,ACC-1084,Oakmont Market,marketplace_commerce,EMEA,New Logo,fraud,Marketing,,AE - Klara Weiss,93000,3 - Technical Validation,Best Case,2026-08-22,2026-11-02,2026-09-05,2026-09-29,3,False,N/A,Not Started,,False,False,,Feedzai,L-5685
OPP-7070,ACC-1307,Oakmont Community Bank,regional_bank_cu,NA,New Logo,fraud,Marketing,,AE - Hugo Park,61000,Closed Won,Closed,2026-01-28,2026-06-21,2026-06-21,2026-06-21,7,False,N/A,Not Started,,True,True,,None known,L-5698
OPP-7071,ACC-1169,Arbor Federal CU,regional_bank_cu,NA,New Logo,fraud,Marketing,,AE - Hugo Park,94000,Closed Lost,Omitted,2026-02-10,2026-05-02,2026-05-02,2026-05-02,1,True,Not Started,In Progress,Pricing review,True,False,Lost to Competitor,None known,L-5718
OPP-7072,ACC-1277,Copper State Bank & Trust,sponsor_bank_baas,NA,New Logo,compliance,Marketing,,AE - Jon Reyes,235000,4 - Business Case & Security Review,Best Case,2026-06-08,2026-11-21,2026-09-18,2026-09-19,5,False,Passed,Not Started,,False,False,,None known,L-5737
OPP-7073,ACC-1122,Lakeshore Exchange,crypto,NA,New Logo,fraud,Partner,,AE - Grace Tan,246000,Closed Lost,Omitted,2026-01-24,2026-08-06,2026-08-06,2026-08-06,6,False,Passed,In Progress,Security questionnaire,True,False,No Decision / Status Quo,SEON,L-5738
OPP-7074,ACC-1148,Keystone Cloud,b2b_saas_payroll,APAC,New Logo,fraud,Marketing,,AE - Mei Lin,141000,2 - Discovery,Pipeline,2026-08-24,2027-01-24,2026-08-09,2026-09-28,6,False,Not Started,Not Started,Security questionnaire,False,False,,In-house build,L-5743
OPP-7075,ACC-1245,Silverline Custody,crypto,NA,Expansion,compliance,Marketing,,AE - Grace Tan,63000,2 - Discovery,Pipeline,2026-08-29,2026-12-19,2026-09-17,2026-09-19,7,False,Not Started,Not Started,POC readout,False,False,,Unit21,L-5744
OPP-7076,ACC-1008,Falcon Commerce,marketplace_commerce,NA,Expansion,fraud,Marketing,,AE - Grace Tan,77000,Closed Lost,Omitted,2026-03-06,2026-08-01,2026-08-01,2026-08-01,6,True,Passed,In Progress,Pricing review,True,False,Price,Socure,L-5748
OPP-7077,ACC-1049,Copper State Commerce,marketplace_commerce,APAC,New Logo,fraud,Marketing,,AE - Mei Lin,71000,4 - Business Case & Security Review,Best Case,2026-06-07,2026-11-29,2026-08-26,2026-09-23,1,True,Passed,Not Started,,False,False,,Unit21,L-5751
OPP-7078,ACC-1194,Stonebridge Federal CU,regional_bank_cu,NA,Expansion,fraud,Partner,SI partner,AE - Hugo Park,56000,Closed Lost,Omitted,2026-02-07,2026-05-08,2026-05-08,2026-05-08,4,True,N/A,Complete,Exec alignment call,True,False,Build In-House,Sift,L-5760
OPP-7079,ACC-1432,Westfield Tickets,marketplace_commerce,NA,New Logo,fraud,Marketing,,AE - Hugo Park,77000,Closed Won,Closed,2026-05-13,2026-08-19,2026-08-19,2026-08-19,4,True,Not Started,In Progress,,True,True,,Sift,L-5765
OPP-7080,ACC-1312,Maple Leaf Money,fintech_neobank,NA,Expansion,compliance,Marketing,,AE - Grace Tan,98000,Closed Lost,Omitted,2026-03-24,2026-06-29,2026-06-29,2026-06-29,1,False,N/A,Complete,Legal redlines,True,False,,Unit21,L-5772
OPP-7081,ACC-1087,Highland National Bank,sponsor_bank_baas,NA,Expansion,compliance,Partner,Modulr,AE - Hugo Park,60000,Closed Won,Closed,2026-05-10,2026-09-23,2026-09-23,2026-09-23,3,False,Not Started,In Progress,POC readout,True,True,,None known,L-5773
OPP-7082,ACC-1010,Riverbend Federal CU,regional_bank_cu,NA,Expansion,compliance,SDR,,AE - Grace Tan,57000,Closed Lost,Omitted,2026-05-23,2026-07-31,2026-07-31,2026-07-31,7,False,In Progress,Complete,Pricing review,True,False,Lost to Competitor,In-house build,L-5774
OPP-7083,ACC-1037,Summit Ridge Authority,public_sector,NA,New Logo,fraud,Partner,SI partner,AE - Jon Reyes,462000,Closed Won,Closed,2026-01-19,2026-09-10,2026-09-10,2026-09-10,4,True,In Progress,Not Started,Pricing review,True,True,,Feedzai,L-5784
OPP-7084,ACC-1183,Bayfront Play,gaming_prediction,NA,New Logo,fraud,Marketing,,AE - Grace Tan,110000,Closed Lost,Omitted,2026-04-07,2026-07-08,2026-07-08,2026-07-08,7,False,N/A,In Progress,Legal redlines,True,False,No Decision / Status Quo,SEON,L-5790
OPP-7085,ACC-1413,Clearwater Pay,fintech_neobank,EMEA,Expansion,compliance,Marketing,,AE - Liam Byrne,60000,Closed Lost,Omitted,2026-01-25,2026-05-31,2026-05-31,2026-05-31,5,True,In Progress,Not Started,Pricing review,True,False,Timing / Budget,In-house build,L-5796
OPP-7086,ACC-1252,Cedar Valley Commerce,marketplace_commerce,NA,New Logo,fraud,Partner,Helix by Q2,AE - Hugo Park,79000,Closed Lost,Omitted,2026-07-02,2026-09-26,2026-09-26,2026-09-26,5,False,Not Started,Not Started,,True,False,Lost to Competitor,In-house build,L-5802
OPP-7087,ACC-1095,Northgate Money,fintech_neobank,NA,New Logo,fraud,Partner,Sponsor bank referral,AE - Jon Reyes,42000,Closed Lost,Omitted,2026-03-28,2026-09-21,2026-09-21,2026-09-21,7,True,Passed,In Progress,,True,False,No Decision / Status Quo,Unit21,L-5804
OPP-7088,ACC-1324,Bayfront Federal CU,regional_bank_cu,NA,Expansion,compliance,Marketing,,AE - Jon Reyes,23000,Closed Lost,Omitted,2026-04-01,2026-06-19,2026-06-19,2026-06-19,5,True,Passed,Complete,Pricing review,True,False,No Decision / Status Quo,Sift,L-5829
OPP-7089,ACC-1016,Arbor Issuing,payments_issuing,NA,Expansion,fraud,Marketing,,AE - Iris Bell,188000,Closed Lost,Omitted,2026-03-27,2026-09-26,2026-09-26,2026-09-26,1,True,Passed,Not Started,,True,False,Champion Left,Unit21,L-5830
OPP-7090,ACC-1188,Cedar Valley Books,b2b_saas_payroll,NA,New Logo,fraud,Marketing,,AE - Jon Reyes,84000,5 - Negotiate & Contract,Best Case,2026-07-01,2026-10-13,2026-09-06,2026-09-23,2,True,In Progress,In Progress,Exec alignment call,False,False,,Socure,L-5836
OPP-7091,ACC-1372,Clearwater Payments,payments_issuing,EMEA,Expansion,compliance,Marketing,,AE - Liam Byrne,181000,1 - Qualify,Pipeline,2026-09-04,2027-01-21,2026-09-06,2026-09-26,3,True,Not Started,Not Started,Security questionnaire,False,False,,In-house build,L-5838
OPP-7092,ACC-1148,Keystone Cloud,b2b_saas_payroll,APAC,New Logo,fraud,SDR,,AE - Mei Lin,147000,Closed Won,Closed,2026-03-11,2026-08-18,2026-08-18,2026-08-18,2,True,In Progress,In Progress,Exec alignment call,True,True,,Sift,L-5867
OPP-7093,ACC-1336,Summit Ridge Exchange,crypto,NA,Expansion,compliance,SDR,,AE - Jon Reyes,110000,4 - Business Case & Security Review,Best Case,2026-06-30,2026-11-22,2026-08-13,2026-09-19,5,False,Passed,In Progress,Pricing review,False,False,,Sift,L-5868
OPP-7094,ACC-1022,Tidewater Commerce,marketplace_commerce,EMEA,Expansion,fraud,Marketing,,AE - Liam Byrne,34000,1 - Qualify,Pipeline,2026-09-16,2027-03-31,2026-08-14,2026-09-26,7,True,Not Started,Not Started,Exec alignment call,False,False,,Unit21,L-5898
OPP-7095,ACC-1177,Falcon Federal CU,regional_bank_cu,NA,New Logo,compliance,Partner,Modulr,AE - Hugo Park,123000,2 - Discovery,Pipeline,2026-08-10,2027-02-02,2026-09-02,2026-09-23,7,True,Not Started,Not Started,Security questionnaire,False,False,,Sift,
OPP-7096,ACC-1234,Tidewater Card,fintech_neobank,NA,Expansion,compliance,AE,,AE - Hugo Park,80000,Closed Lost,Omitted,2026-02-13,2026-08-09,2026-08-09,2026-08-09,6,False,N/A,Complete,Legal redlines,True,False,No Decision / Status Quo,Socure,
OPP-7097,ACC-1381,Highland Market,marketplace_commerce,NA,New Logo,fraud,AE,,AE - Hugo Park,126000,3 - Technical Validation,Best Case,2026-06-30,2026-12-30,2026-09-24,2026-09-26,5,False,Not Started,Not Started,Legal redlines,False,False,,Unit21,
OPP-7098,ACC-1256,Northgate Wallet,fintech_neobank,NA,New Logo,compliance,AE,,AE - Hugo Park,40000,Closed Lost,Omitted,2025-12-06,2026-02-20,2026-02-20,2026-02-20,4,False,Passed,Complete,Pricing review,True,False,No Decision / Status Quo,Unit21,
OPP-7099,ACC-1213,Keystone Bancorp,tier1_bank,NA,New Logo,compliance,AE,,AE - Iris Bell,557000,4 - Business Case & Security Review,Commit,2026-03-22,2027-01-04,2026-09-13,2026-09-13,2,True,N/A,Not Started,,False,False,,Socure,
OPP-7100,ACC-1348,Meridian Credit Union,regional_bank_cu,NA,New Logo,fraud,AE,,AE - Jon Reyes,56000,Closed Won,Closed,2026-01-23,2026-04-07,2026-04-07,2026-04-07,7,True,Passed,Complete,Pricing review,True,True,,Feedzai,
OPP-7101,ACC-1114,Pinecrest Savings Bank,regional_bank_cu,NA,New Logo,fraud,Partner,SI partner,AE - Iris Bell,146000,Closed Lost,Omitted,2026-03-19,2026-09-30,2026-09-30,2026-09-30,1,False,In Progress,In Progress,Pricing review,True,False,No Decision / Status Quo,Socure,
OPP-7102,ACC-1223,Prairie First Commerce,marketplace_commerce,NA,New Logo,fraud,AE,,AE - Jon Reyes,43000,Closed Lost,Omitted,2026-01-22,2026-04-23,2026-04-23,2026-04-23,5,False,In Progress,Complete,Exec alignment call,True,False,Lost to Competitor,SEON,
OPP-7103,ACC-1144,Evergreen Merchant Services,payments_issuing,EMEA,New Logo,fraud,AE,,AE - Liam Byrne,179000,Closed Won,Closed,2026-01-08,2026-04-03,2026-04-03,2026-04-03,4,True,N/A,Complete,Pricing review,True,True,,Unit21,
OPP-7104,ACC-1310,Oakmont BaaS,sponsor_bank_baas,NA,New Logo,compliance,Partner,Sponsor bank referral,AE - Grace Tan,195000,Closed Won,Closed,2025-10-15,2026-03-03,2026-03-03,2026-03-03,3,True,N/A,In Progress,Exec alignment call,True,True,,Socure,
OPP-7105,ACC-1268,Clearwater Custody,crypto,NA,Expansion,compliance,AE,,AE - Hugo Park,52000,Closed Lost,Omitted,2026-02-12,2026-08-08,2026-08-08,2026-08-08,1,True,In Progress,Complete,Security questionnaire,True,False,Timing / Budget,None known,
OPP-7106,ACC-1244,Pinecrest Chain,crypto,EMEA,Expansion,fraud,AE,,AE - Klara Weiss,99000,Closed Won,Closed,2026-04-19,2026-09-28,2026-09-28,2026-09-28,7,False,In Progress,Not Started,,True,True,,SEON,
OPP-7107,ACC-1082,Pinecrest Commerce,marketplace_commerce,NA,New Logo,fraud,AE,,AE - Iris Bell,90000,5 - Negotiate & Contract,Commit,2026-03-19,2026-10-03,2026-09-16,2026-09-26,2,True,N/A,In Progress,Exec alignment call,False,False,,Socure,
OPP-7108,ACC-1382,Lakeshore Pay,fintech_neobank,NA,New Logo,compliance,AE,,AE - Iris Bell,92000,Closed Won,Closed,2026-05-08,2026-09-06,2026-09-06,2026-09-06,4,True,In Progress,Complete,,True,True,,Sift,
OPP-7109,ACC-1160,Tidewater Money,fintech_neobank,NA,New Logo,compliance,AE,,AE - Iris Bell,93000,3 - Technical Validation,Best Case,2026-08-25,2026-11-03,2026-08-24,2026-08-22,2,False,N/A,Not Started,Exec alignment call,False,False,,In-house build,
OPP-7110,ACC-1127,Tidewater BaaS,sponsor_bank_baas,NA,New Logo,compliance,AE,,AE - Grace Tan,241000,Closed Lost,Omitted,2026-02-16,2026-04-23,2026-04-23,2026-04-23,5,True,Not Started,In Progress,POC readout,True,False,Security / Compliance Blocker,None known,
OPP-7111,ACC-1376,Crescent Tickets,marketplace_commerce,EMEA,Expansion,compliance,AE,,AE - Liam Byrne,81000,Closed Won,Closed,2025-12-07,2026-02-13,2026-02-13,2026-02-13,7,False,Not Started,In Progress,Pricing review,True,True,,None known,
OPP-7112,ACC-1185,Union Square Card,fintech_neobank,NA,New Logo,compliance,AE,,AE - Hugo Park,100000,Closed Lost,Omitted,2026-02-11,2026-08-19,2026-08-19,2026-08-19,1,True,N/A,Complete,,True,False,Timing / Budget,SEON,
OPP-7113,ACC-1289,Clearwater Processing,payments_issuing,NA,Expansion,compliance,AE,,AE - Iris Bell,91000,Closed Lost,Omitted,2025-11-02,2026-01-06,2026-01-06,2026-01-06,5,False,In Progress,Not Started,POC readout,True,False,Lost to Competitor,Feedzai,
OPP-7114,ACC-1260,Westfield Shop,marketplace_commerce,NA,New Logo,fraud,AE,,AE - Jon Reyes,145000,Closed Won,Closed,2026-07-21,2026-09-29,2026-09-29,2026-09-29,2,True,Not Started,Not Started,Legal redlines,True,True,,Socure,
OPP-7115,ACC-1238,Bayfront Payments,payments_issuing,NA,New Logo,compliance,AE,,AE - Hugo Park,96000,3 - Technical Validation,Best Case,2026-08-11,2026-12-12,2026-09-12,2026-09-30,1,False,In Progress,Not Started,Legal redlines,False,False,,Feedzai,
OPP-7116,ACC-1353,Arbor Games,gaming_prediction,MENA,New Logo,fraud,AE,,AE - Omar Haddad,49000,3 - Technical Validation,Best Case,2026-08-13,2026-11-30,2026-09-23,2026-09-06,5,True,In Progress,Not Started,Pricing review,False,False,,None known,
OPP-7117,ACC-1223,Prairie First Commerce,marketplace_commerce,NA,New Logo,fraud,AE,,AE - Grace Tan,67000,Closed Won,Closed,2026-02-08,2026-06-26,2026-06-26,2026-06-26,2,True,N/A,Not Started,Security questionnaire,True,True,,Unit21,
OPP-7118,ACC-1391,Riverbend Processing,payments_issuing,NA,New Logo,fraud,AE,,AE - Hugo Park,269000,Closed Lost,Omitted,2026-02-11,2026-08-08,2026-08-08,2026-08-08,2,False,Passed,In Progress,Exec alignment call,True,False,Integration Effort,Socure,
OPP-7119,ACC-1177,Falcon Federal CU,regional_bank_cu,NA,New Logo,fraud,AE,,AE - Iris Bell,95000,Closed Lost,Omitted,2026-06-15,2026-08-15,2026-08-15,2026-08-15,4,True,Not Started,Complete,Security questionnaire,True,False,Security / Compliance Blocker,None known,
OPP-7120,ACC-1114,Pinecrest Savings Bank,regional_bank_cu,NA,New Logo,compliance,Partner,Sponsor bank referral,AE - Jon Reyes,109000,1 - Qualify,Commit,2026-09-15,2027-01-08,2026-08-23,2026-09-19,6,False,Not Started,Not Started,POC readout,False,False,,SEON,
OPP-7121,ACC-1260,Westfield Shop,marketplace_commerce,NA,New Logo,fraud,AE,,AE - Jon Reyes,101000,4 - Business Case & Security Review,Best Case,2026-06-12,2026-11-30,2026-09-04,2026-09-29,2,False,Passed,Complete,,False,False,,Sift,
OPP-7122,ACC-1345,Highland Pay,fintech_neobank,NA,New Logo,fraud,AE,,AE - Jon Reyes,35000,Closed Lost,Omitted,2025-12-08,2026-04-27,2026-04-27,2026-04-27,2,True,In Progress,Not Started,Security questionnaire,True,False,Integration Effort,Socure,
OPP-7123,ACC-1182,Prairie First Wallet,fintech_neobank,NA,New Logo,fraud,AE,,AE - Hugo Park,98000,2 - Discovery,Pipeline,2026-09-06,2026-12-09,2026-08-20,2026-09-13,6,False,Not Started,Not Started,Security questionnaire,False,False,,SEON,
OPP-7124,ACC-1379,Riverbend Money,fintech_neobank,APAC,Expansion,compliance,AE,,AE - Mei Lin,47000,Closed Lost,Omitted,2026-01-01,2026-04-17,2026-04-17,2026-04-17,3,False,Not Started,Not Started,Exec alignment call,True,False,Price,In-house build,
OPP-7125,ACC-1025,Lakeshore Digital Assets,crypto,NA,New Logo,compliance,AE,,AE - Hugo Park,161000,Closed Lost,Omitted,2026-02-17,2026-07-25,2026-07-25,2026-07-25,2,True,Not Started,In Progress,Legal redlines,True,False,Price,SEON,
OPP-7126,ACC-1378,Redwood Issuing,payments_issuing,NA,New Logo,fraud,AE,,AE - Grace Tan,252000,Closed Won,Closed,2025-11-27,2026-04-12,2026-04-12,2026-04-12,5,True,Passed,In Progress,Exec alignment call,True,True,,Socure,
OPP-7127,ACC-1224,Falcon Games,gaming_prediction,NA,New Logo,fraud,AE,,AE - Jon Reyes,119000,Closed Lost,Omitted,2026-03-08,2026-08-20,2026-08-20,2026-08-20,7,False,N/A,Complete,POC readout,True,False,No Decision / Status Quo,None known,
OPP-7128,ACC-1181,Silverline Processing,payments_issuing,MENA,Expansion,compliance,AE,,AE - Omar Haddad,158000,5 - Negotiate & Contract,Commit,2026-06-24,2026-10-16,2026-09-11,2026-09-29,4,True,In Progress,Not Started,POC readout,False,False,,None known,
OPP-7129,ACC-1068,Riverbend Agency,public_sector,NA,Expansion,compliance,AE,,AE - Grace Tan,236000,1 - Qualify,Pipeline,2026-08-09,2027-05-13,2026-09-29,2026-09-23,2,True,Not Started,Not Started,,False,False,,SEON,
OPP-7130,ACC-1099,Tidewater Predict,gaming_prediction,NA,New Logo,fraud,AE,,AE - Grace Tan,49000,3 - Technical Validation,Best Case,2026-08-10,2026-11-08,2026-08-29,2026-09-29,1,True,N/A,Not Started,Pricing review,False,False,,Feedzai,
OPP-7131,ACC-1094,Evergreen Pay,fintech_neobank,EMEA,New Logo,fraud,AE,,AE - Klara Weiss,131000,Closed Won,Closed,2026-04-27,2026-09-14,2026-09-14,2026-09-14,5,True,Not Started,Not Started,Pricing review,True,True,,In-house build,
OPP-7132,ACC-1234,Tidewater Card,fintech_neobank,NA,New Logo,compliance,AE,,AE - Hugo Park,157000,Closed Lost,Omitted,2025-10-11,2025-12-18,2025-12-18,2025-12-18,3,False,Not Started,Not Started,Exec alignment call,True,False,No Decision / Status Quo,Sift,
OPP-7133,ACC-1188,Cedar Valley Books,b2b_saas_payroll,NA,New Logo,fraud,AE,,AE - Jon Reyes,89000,Closed Lost,Omitted,2025-12-31,2026-07-03,2026-07-03,2026-07-03,2,True,In Progress,Complete,Legal redlines,True,False,Lost to Competitor,Unit21,
OPP-7134,ACC-1037,Summit Ridge Authority,public_sector,NA,New Logo,fraud,AE,,AE - Hugo Park,280000,Closed Lost,Omitted,2025-10-31,2026-06-03,2026-06-03,2026-06-03,4,True,In Progress,Complete,Pricing review,True,False,,Feedzai,
OPP-7135,ACC-1384,Oakmont Tickets,marketplace_commerce,NA,New Logo,fraud,AE,,AE - Jon Reyes,62000,Closed Lost,Omitted,2026-01-13,2026-05-20,2026-05-20,2026-05-20,6,True,In Progress,In Progress,POC readout,True,False,Champion Left,Socure,
OPP-7136,ACC-1250,Evergreen National Bank,sponsor_bank_baas,NA,Expansion,compliance,Partner,Helix by Q2,AE - Grace Tan,48000,3 - Technical Validation,Best Case,2026-07-10,2026-12-09,2026-08-16,2026-09-28,7,True,In Progress,Not Started,POC readout,False,False,,SEON,
OPP-7137,ACC-1266,Keystone Department,public_sector,NA,New Logo,fraud,AE,,AE - Jon Reyes,391000,3 - Technical Validation,Best Case,2026-08-04,2026-11-22,2026-08-14,2026-09-30,4,True,N/A,Not Started,Exec alignment call,False,False,,None known,
OPP-7138,ACC-1371,Tidewater Shop,marketplace_commerce,EMEA,New Logo,fraud,AE,,AE - Klara Weiss,93000,Closed Lost,Omitted,2025-10-23,2026-03-20,2026-03-20,2026-03-20,3,False,Passed,Not Started,Legal redlines,True,False,No Decision / Status Quo,In-house build,
OPP-7139,ACC-1079,Silverline Neo,fintech_neobank,NA,New Logo,fraud,AE,,AE - Hugo Park,133000,Closed Lost,Omitted,2026-05-28,2026-08-12,2026-08-12,2026-08-12,5,False,Passed,In Progress,POC readout,True,False,Integration Effort,Sift,
OPP-7140,ACC-1427,Evergreen BaaS,sponsor_bank_baas,NA,Expansion,compliance,AE,,AE - Iris Bell,66000,1 - Qualify,Pipeline,2026-09-11,2027-02-15,2026-08-13,2026-09-28,7,True,Not Started,Not Started,Exec alignment call,False,False,,Feedzai,
OPP-7141,ACC-1084,Oakmont Market,marketplace_commerce,EMEA,New Logo,fraud,AE,,AE - Liam Byrne,97000,Closed Lost,Omitted,2026-03-15,2026-06-26,2026-06-26,2026-06-26,5,False,N/A,Complete,Pricing review,True,False,Lost to Competitor,SEON,
OPP-7142,ACC-1428,Tidewater Community Bank,regional_bank_cu,NA,New Logo,compliance,AE,,AE - Iris Bell,104000,Closed Lost,Omitted,2026-03-02,2026-07-02,2026-07-02,2026-07-02,6,True,Not Started,In Progress,Pricing review,True,False,Champion Left,Feedzai,
OPP-7143,ACC-1279,Bayfront Cloud,b2b_saas_payroll,NA,New Logo,fraud,AE,,AE - Iris Bell,141000,Closed Won,Closed,2025-10-12,2026-02-26,2026-02-26,2026-02-26,5,True,Passed,In Progress,Legal redlines,True,True,,Feedzai,
OPP-7144,ACC-1116,Northgate Issuing,payments_issuing,NA,New Logo,fraud,AE,,AE - Hugo Park,337000,4 - Business Case & Security Review,Best Case,2026-08-08,2026-10-22,2026-08-21,2026-09-19,4,True,N/A,Complete,Legal redlines,False,False,,None known,
OPP-7145,ACC-1064,Crescent Market,marketplace_commerce,NA,New Logo,fraud,AE,,AE - Jon Reyes,74000,Closed Lost,Omitted,2026-04-13,2026-09-01,2026-09-01,2026-09-01,1,True,Not Started,In Progress,Exec alignment call,True,False,Build In-House,None known,
OPP-7146,ACC-1017,Riverbend Custody,crypto,LATAM,Expansion,fraud,AE,,AE - Nico Duarte,121000,Closed Won,Closed,2025-12-23,2026-02-26,2026-02-26,2026-02-26,4,True,Passed,Complete,Security questionnaire,True,True,,Socure,
OPP-7147,ACC-1299,Westfield Merchant Services,payments_issuing,EMEA,New Logo,compliance,AE,,AE - Liam Byrne,80000,Closed Lost,Omitted,2025-11-23,2026-05-24,2026-05-24,2026-05-24,7,True,Passed,Complete,Legal redlines,True,False,No Decision / Status Quo,In-house build,
OPP-7148,ACC-1200,Clearwater Shop,marketplace_commerce,NA,New Logo,fraud,AE,,AE - Grace Tan,65000,Closed Won,Closed,2026-05-01,2026-07-20,2026-07-20,2026-07-20,4,False,Passed,Complete,Pricing review,True,True,,Socure,
OPP-7149,ACC-1061,Harborview Payments,payments_issuing,NA,New Logo,fraud,AE,,AE - Grace Tan,364000,3 - Technical Validation,Best Case,2026-07-31,2026-12-28,2026-09-06,2026-09-23,1,False,Passed,Not Started,POC readout,False,False,,Unit21,
OPP-7150,ACC-1252,Cedar Valley Commerce,marketplace_commerce,NA,New Logo,fraud,AE,,AE - Jon Reyes,130000,3 - Technical Validation,Best Case,2026-07-05,2027-01-06,2026-09-27,2026-08-22,3,True,Not Started,Not Started,Legal redlines,False,False,,Sift,
OPP-7151,ACC-1271,Pinecrest Play,gaming_prediction,EMEA,Expansion,compliance,AE,,AE - Klara Weiss,43000,Closed Lost,Omitted,2025-12-22,2026-02-24,2026-02-24,2026-02-24,1,False,Passed,In Progress,Security questionnaire,True,False,Price,Unit21,
OPP-7152,ACC-1081,Tidewater Pay,fintech_neobank,NA,New Logo,fraud,AE,,AE - Hugo Park,37000,3 - Technical Validation,Best Case,2026-08-04,2026-11-10,2026-09-05,2026-09-19,3,False,Passed,Not Started,Pricing review,False,False,,Sift,
OPP-7153,ACC-1086,Falcon Exchange,crypto,NA,New Logo,fraud,AE,,AE - Hugo Park,65000,Closed Lost,Omitted,2025-12-04,2026-04-28,2026-04-28,2026-04-28,4,False,Not Started,Complete,,True,False,Lost to Competitor,Feedzai,
OPP-7154,ACC-1137,Westfield Pay,fintech_neobank,NA,New Logo,fraud,AE,,AE - Iris Bell,188000,Closed Lost,Omitted,2026-01-19,2026-05-20,2026-05-20,2026-05-20,1,True,Passed,Complete,Pricing review,True,False,Lost to Competitor,Feedzai,
OPP-7155,ACC-1188,Cedar Valley Books,b2b_saas_payroll,NA,New Logo,fraud,AE,,AE - Iris Bell,57000,Closed Lost,Omitted,2025-12-27,2026-06-20,2026-06-20,2026-06-20,2,True,Passed,Complete,Exec alignment call,True,False,Champion Left,Feedzai,
OPP-7156,ACC-1101,Arbor Predict,gaming_prediction,MENA,Expansion,compliance,AE,,AE - Omar Haddad,48000,3 - Technical Validation,Best Case,2026-08-02,2026-11-25,2026-09-26,2026-09-06,6,True,In Progress,Not Started,Pricing review,False,False,,Socure,
OPP-7157,ACC-1284,Maple Leaf Neo,fintech_neobank,MENA,New Logo,fraud,AE,,AE - Omar Haddad,102000,Closed Lost,Omitted,2025-12-20,2026-05-04,2026-05-04,2026-05-04,5,False,In Progress,Not Started,Security questionnaire,True,False,Build In-House,Sift,
OPP-7158,ACC-1103,Summit Ridge Merchant Services,payments_issuing,NA,New Logo,compliance,AE,,AE - Jon Reyes,349000,1 - Qualify,Pipeline,2026-09-14,2027-02-20,2026-08-29,2026-09-19,3,True,Not Started,Not Started,Exec alignment call,False,False,,Socure,
OPP-7159,ACC-1257,Lakeshore Bancorp,tier1_bank,APAC,Expansion,compliance,AE,,AE - Mei Lin,423000,Closed Won,Closed,2025-11-04,2026-06-06,2026-06-06,2026-06-06,6,True,Passed,In Progress,Security questionnaire,True,True,,Socure,
OPP-7160,ACC-1363,Crescent BaaS,sponsor_bank_baas,APAC,New Logo,fraud,Partner,Modulr,AE - Mei Lin,117000,Closed Lost,Omitted,2026-01-18,2026-04-03,2026-04-03,2026-04-03,7,False,In Progress,In Progress,Legal redlines,True,False,Integration Effort,Sift,
OPP-7161,ACC-1121,Meridian Wallet,fintech_neobank,EMEA,New Logo,fraud,AE,,AE - Klara Weiss,87000,Closed Lost,Omitted,2025-10-19,2026-02-27,2026-02-27,2026-02-27,1,True,In Progress,Not Started,Legal redlines,True,False,Timing / Budget,SEON,
OPP-7162,ACC-1343,Prairie First Books,b2b_saas_payroll,NA,New Logo,fraud,AE,,AE - Hugo Park,117000,Closed Lost,Omitted,2026-01-02,2026-03-08,2026-03-08,2026-03-08,4,True,N/A,Complete,Exec alignment call,True,False,,None known,
OPP-7163,ACC-1166,Oakmont Issuing,payments_issuing,EMEA,Expansion,compliance,AE,,AE - Klara Weiss,91000,Closed Won,Closed,2026-07-12,2026-09-18,2026-09-18,2026-09-18,2,True,Passed,Complete,Legal redlines,True,True,,Feedzai,
OPP-7164,ACC-1031,Lakeshore Processing,payments_issuing,EMEA,New Logo,compliance,AE,,AE - Klara Weiss,244000,Closed Won,Closed,2025-11-21,2026-03-10,2026-03-10,2026-03-10,6,True,N/A,In Progress,POC readout,True,True,,None known,
OPP-7165,ACC-1338,Redwood Authority,public_sector,NA,New Logo,fraud,AE,,AE - Jon Reyes,336000,Closed Lost,Omitted,2026-04-22,2026-08-10,2026-08-10,2026-08-10,3,True,N/A,In Progress,Security questionnaire,True,False,No Decision / Status Quo,SEON,
OPP-7166,ACC-1032,Evergreen Shop,marketplace_commerce,NA,New Logo,fraud,AE,,AE - Hugo Park,118000,5 - Negotiate & Contract,Best Case,2026-08-09,2026-10-12,2026-09-09,2026-09-06,1,True,Not Started,Complete,Security questionnaire,False,False,,Sift,
OPP-7167,ACC-1099,Tidewater Predict,gaming_prediction,NA,New Logo,fraud,AE,,AE - Iris Bell,92000,Closed Lost,Omitted,2025-11-18,2026-04-02,2026-04-02,2026-04-02,4,False,Passed,Complete,Legal redlines,True,False,Lost to Competitor,Unit21,
OPP-7168,ACC-1420,Clearwater National Bank,sponsor_bank_baas,EMEA,New Logo,fraud,Partner,Sponsor bank referral,AE - Klara Weiss,217000,Closed Lost,Omitted,2026-05-23,2026-09-06,2026-09-06,2026-09-06,6,False,In Progress,Not Started,,True,False,Security / Compliance Blocker,SEON,
OPP-7169,ACC-1434,Copper State Processing,payments_issuing,NA,New Logo,compliance,AE,,AE - Grace Tan,228000,2 - Discovery,Pipeline,2026-07-26,2027-01-16,2026-08-21,2026-09-06,3,True,Not Started,Not Started,Security questionnaire,False,False,,SEON,
OPP-7170,ACC-1439,Clearwater Cloud,b2b_saas_payroll,EMEA,New Logo,fraud,AE,,AE - Klara Weiss,135000,2 - Discovery,Pipeline,2026-07-25,2027-01-29,2026-09-24,2026-09-23,3,False,Not Started,Not Started,POC readout,False,False,,None known,
OPP-7171,ACC-1300,Cedar Valley National Bank,sponsor_bank_baas,NA,New Logo,compliance,AE,,AE - Grace Tan,80000,Closed Lost,Omitted,2026-04-19,2026-09-27,2026-09-27,2026-09-27,6,True,Not Started,Complete,Pricing review,True,False,Integration Effort,Unit21,
OPP-7172,ACC-1308,Northgate Digital Assets,crypto,EMEA,Expansion,compliance,AE,,AE - Klara Weiss,116000,Closed Lost,Omitted,2025-11-10,2026-03-30,2026-03-30,2026-03-30,7,True,Not Started,In Progress,Exec alignment call,True,False,Champion Left,In-house build,
OPP-7173,ACC-1213,Keystone Bancorp,tier1_bank,NA,New Logo,fraud,AE,,AE - Grace Tan,346000,4 - Business Case & Security Review,Best Case,2026-03-11,2027-01-08,2026-09-25,2026-09-19,5,True,N/A,Complete,,False,False,,None known,
OPP-7174,ACC-1381,Highland Market,marketplace_commerce,NA,New Logo,fraud,AE,,AE - Grace Tan,59000,Closed Lost,Omitted,2026-03-13,2026-08-14,2026-08-14,2026-08-14,1,False,In Progress,Complete,,True,False,,Sift,
OPP-7175,ACC-1328,Silverline Pay,fintech_neobank,NA,New Logo,fraud,AE,,AE - Grace Tan,82000,Closed Lost,Omitted,2026-05-31,2026-09-16,2026-09-16,2026-09-16,2,False,Not Started,Not Started,Exec alignment call,True,False,Lost to Competitor,Socure,
OPP-7176,ACC-1083,Union Square Digital Assets,crypto,EMEA,New Logo,fraud,AE,,AE - Klara Weiss,85000,5 - Negotiate & Contract,Best Case,2026-03-03,2026-05-30,2026-09-06,2026-09-13,1,False,N/A,Not Started,Security questionnaire,False,False,,None known,
OPP-7177,ACC-1291,Westfield Neo,fintech_neobank,NA,Expansion,compliance,AE,,AE - Iris Bell,36000,3 - Technical Validation,Best Case,2026-08-03,2026-11-20,2026-09-30,2026-09-19,7,False,N/A,Not Started,,False,False,,In-house build,
OPP-7178,ACC-1361,Oakmont Books,b2b_saas_payroll,NA,Expansion,compliance,AE,,AE - Iris Bell,42000,Closed Lost,Omitted,2026-02-27,2026-07-28,2026-07-28,2026-07-28,7,True,Not Started,Not Started,POC readout,True,False,Lost to Competitor,Sift,
OPP-7179,ACC-1226,Northgate Payments,payments_issuing,NA,New Logo,compliance,AE,,AE - Jon Reyes,291000,1 - Qualify,Pipeline,2026-09-13,2027-01-17,2026-09-20,2026-08-22,2,True,Not Started,Not Started,Pricing review,False,False,,None known,
OPP-7180,ACC-1234,Tidewater Card,fintech_neobank,NA,Expansion,compliance,AE,,AE - Grace Tan,36000,Closed Lost,Omitted,2025-10-03,2025-12-26,2025-12-26,2025-12-26,1,True,Not Started,Not Started,Pricing review,True,False,Security / Compliance Blocker,Socure,
OPP-7181,ACC-1186,Redwood Tickets,marketplace_commerce,EMEA,New Logo,fraud,AE,,AE - Klara Weiss,164000,2 - Discovery,Pipeline,2026-08-21,2026-12-05,2026-09-04,2026-09-23,7,False,Not Started,Not Started,Exec alignment call,False,False,,Unit21,
OPP-7182,ACC-1022,Tidewater Commerce,marketplace_commerce,EMEA,New Logo,fraud,AE,,AE - Klara Weiss,112000,Closed Won,Closed,2026-01-05,2026-03-24,2026-03-24,2026-03-24,2,True,Not Started,In Progress,Security questionnaire,True,True,,Feedzai,
OPP-7183,ACC-1261,Union Square HR,b2b_saas_payroll,EMEA,New Logo,fraud,AE,,AE - Klara Weiss,135000,Closed Lost,Omitted,2025-11-29,2026-04-19,2026-04-19,2026-04-19,5,True,N/A,In Progress,Legal redlines,True,False,No Decision / Status Quo,Socure,
OPP-7184,ACC-1357,Union Square National Bank,sponsor_bank_baas,NA,New Logo,fraud,Partner,Sponsor bank referral,AE - Jon Reyes,238000,5 - Negotiate & Contract,Commit,2025-10-02,2026-03-18,2026-08-08,2026-09-19,7,True,In Progress,In Progress,,False,False,,Socure,
OPP-7185,ACC-1153,Maple Leaf Payments,payments_issuing,EMEA,New Logo,fraud,AE,,AE - Liam Byrne,87000,Closed Lost,Omitted,2026-01-09,2026-06-30,2026-06-30,2026-06-30,5,False,Not Started,Not Started,POC readout,True,False,Integration Effort,None known,
OPP-7186,ACC-1337,Highland Bank & Trust,sponsor_bank_baas,NA,New Logo,fraud,AE,,AE - Hugo Park,231000,Closed Won,Closed,2026-06-15,2026-09-11,2026-09-11,2026-09-11,4,True,In Progress,In Progress,Pricing review,True,True,,Sift,
OPP-7187,ACC-1259,Sterling Community Bank,regional_bank_cu,NA,New Logo,compliance,AE,,AE - Grace Tan,50000,3 - Technical Validation,Best Case,2025-10-08,2026-03-01,2026-08-29,2026-09-13,5,False,In Progress,Not Started,Pricing review,False,False,,Unit21,
OPP-7188,ACC-1082,Pinecrest Commerce,marketplace_commerce,NA,New Logo,fraud,AE,,AE - Grace Tan,70000,Closed Lost,Omitted,2026-03-28,2026-06-19,2026-06-19,2026-06-19,1,False,Not Started,Complete,Pricing review,True,False,Integration Effort,None known,
OPP-7189,ACC-1266,Keystone Department,public_sector,NA,New Logo,fraud,AE,,AE - Iris Bell,103000,Closed Lost,Omitted,2025-12-08,2026-08-30,2026-08-30,2026-08-30,1,True,Not Started,Complete,Security questionnaire,True,False,Integration Effort,Feedzai,
OPP-7190,ACC-1215,Stonebridge Commerce,marketplace_commerce,NA,New Logo,fraud,AE,,AE - Hugo Park,156000,Closed Lost,Omitted,2026-01-31,2026-06-30,2026-06-30,2026-06-30,1,False,In Progress,In Progress,Pricing review,True,False,Build In-House,Unit21,
OPP-7191,ACC-1015,Arbor Savings Bank,regional_bank_cu,NA,New Logo,compliance,AE,,AE - Hugo Park,101000,2 - Discovery,Pipeline,2026-07-28,2027-01-08,2026-09-04,2026-09-26,3,False,Not Started,Not Started,Exec alignment call,False,False,,Sift,
OPP-7192,ACC-1284,Maple Leaf Neo,fintech_neobank,MENA,New Logo,compliance,AE,,AE - Omar Haddad,165000,Closed Lost,Omitted,2026-03-02,2026-06-10,2026-06-10,2026-06-10,3,False,Not Started,Not Started,Pricing review,True,False,No Decision / Status Quo,In-house build,
OPP-7193,ACC-1302,Meridian Chain,crypto,LATAM,New Logo,fraud,AE,,AE - Nico Duarte,61000,Closed Lost,Omitted,2026-05-09,2026-08-07,2026-08-07,2026-08-07,4,True,Not Started,Not Started,POC readout,True,False,Lost to Competitor,Feedzai,
OPP-7194,ACC-1225,Prairie First Pay,fintech_neobank,NA,New Logo,compliance,AE,,AE - Jon Reyes,153000,Closed Won,Closed,2026-05-01,2026-09-17,2026-09-17,2026-09-17,2,True,N/A,Complete,Exec alignment call,True,True,,Socure,
OPP-7195,ACC-1058,Maple Leaf Shop,marketplace_commerce,NA,New Logo,fraud,AE,,AE - Grace Tan,67000,Closed Lost,Omitted,2026-06-11,2026-09-25,2026-09-25,2026-09-25,7,False,In Progress,Not Started,POC readout,True,False,No Decision / Status Quo,None known,
OPP-7196,ACC-1098,Prairie First Chain,crypto,EMEA,New Logo,fraud,AE,,AE - Klara Weiss,63000,Closed Lost,Omitted,2025-11-17,2026-04-05,2026-04-05,2026-04-05,6,True,Not Started,In Progress,Security questionnaire,True,False,Lost to Competitor,In-house build,
OPP-7197,ACC-1432,Westfield Tickets,marketplace_commerce,NA,New Logo,fraud,AE,,AE - Grace Tan,149000,4 - Business Case & Security Review,Best Case,2026-04-27,2026-11-12,2026-09-26,2026-09-06,1,False,N/A,In Progress,Pricing review,False,False,,Sift,
OPP-7198,ACC-1033,Tidewater Bank,tier1_bank,NA,New Logo,fraud,AE,,AE - Hugo Park,744000,Closed Lost,Omitted,2025-12-14,2026-09-27,2026-09-27,2026-09-27,2,True,In Progress,Complete,Exec alignment call,True,False,Lost to Competitor,In-house build,
OPP-7199,ACC-1086,Falcon Exchange,crypto,NA,New Logo,fraud,AE,,AE - Jon Reyes,193000,2 - Discovery,Pipeline,2026-09-06,2026-12-17,2026-08-31,2026-09-28,7,True,Not Started,Not Started,POC readout,False,False,,None known,
OPP-7200,ACC-1385,Copper State Chain,crypto,NA,New Logo,fraud,AE,,AE - Iris Bell,128000,Closed Lost,Omitted,2026-01-02,2026-04-16,2026-04-16,2026-04-16,2,False,Not Started,Complete,,True,False,No Decision / Status Quo,Socure,
OPP-7201,ACC-1199,Tidewater Cloud,b2b_saas_payroll,NA,New Logo,fraud,AE,,AE - Grace Tan,145000,Closed Lost,Omitted,2026-04-02,2026-07-20,2026-07-20,2026-07-20,4,True,In Progress,In Progress,Pricing review,True,False,Lost to Competitor,Sift,
OPP-7202,ACC-1445,Union Square Issuing,payments_issuing,NA,New Logo,fraud,AE,,AE - Jon Reyes,337000,Closed Lost,Omitted,2026-02-24,2026-05-30,2026-05-30,2026-05-30,5,True,N/A,Not Started,Legal redlines,True,False,Price,Sift,
OPP-7203,ACC-1302,Meridian Chain,crypto,LATAM,New Logo,fraud,AE,,AE - Nico Duarte,106000,Closed Lost,Omitted,2026-02-15,2026-04-19,2026-04-19,2026-04-19,6,True,Not Started,In Progress,Legal redlines,True,False,Champion Left,Sift,
OPP-7204,ACC-1080,Crescent National Bank,sponsor_bank_baas,EMEA,New Logo,compliance,Partner,Helix by Q2,AE - Liam Byrne,70000,Closed Lost,Omitted,2025-11-13,2026-03-08,2026-03-08,2026-03-08,6,False,N/A,In Progress,Exec alignment call,True,False,Lost to Competitor,None known,
